2025-10-29T20:34:11.082+03:00  INFO 20128 --- [island-simulation] [main] c.V.island.IslandSimulationApplication   : Starting IslandSimulationApplication using Java 25 with PID 20128 (C:\Users\Admin\Downloads\island\target\classes started by Admin in C:\Users\Admin\Downloads\island)
2025-10-29T20:34:11.088+03:00 DEBUG 20128 --- [island-simulation] [main] c.V.island.IslandSimulationApplication   : Running with Spring Boot v3.2.1, Spring v6.1.2
2025-10-29T20:34:11.089+03:00  INFO 20128 --- [island-simulation] [main] c.V.island.IslandSimulationApplication   : No active profile set, falling back to 1 default profile: "default"
2025-10-29T20:34:11.391+03:00  INFO 20128 --- [island-simulation] [main] .s.d.r.c.RepositoryConfigurationDelegate : Bootstrapping Spring Data JPA repositories in DEFAULT mode.
2025-10-29T20:34:11.433+03:00  INFO 20128 --- [island-simulation] [main] .s.d.r.c.RepositoryConfigurationDelegate : Finished Spring Data repository scanning in 36 ms. Found 2 JPA repository interfaces.
2025-10-29T20:34:11.727+03:00  INFO 20128 --- [island-simulation] [main] o.s.b.w.embedded.tomcat.TomcatWebServer  : Tomcat initialized with port 8080 (http)
2025-10-29T20:34:11.736+03:00  INFO 20128 --- [island-simulation] [main] o.apache.catalina.core.StandardService   : Starting service [Tomcat]
2025-10-29T20:34:11.736+03:00  INFO 20128 --- [island-simulation] [main] o.apache.catalina.core.StandardEngine    : Starting Servlet engine: [Apache Tomcat/10.1.17]
2025-10-29T20:34:11.787+03:00  INFO 20128 --- [island-simulation] [main] o.a.c.c.C.[Tomcat].[localhost].[/]       : Initializing Spring embedded WebApplicationContext
2025-10-29T20:34:11.788+03:00  INFO 20128 --- [island-simulation] [main] w.s.c.ServletWebServerApplicationContext : Root WebApplicationContext: initialization completed in 672 ms
2025-10-29T20:34:11.811+03:00  INFO 20128 --- [island-simulation] [main] com.zaxxer.hikari.HikariDataSource       : HikariPool-1 - Starting...
2025-10-29T20:34:11.933+03:00  INFO 20128 --- [island-simulation] [main] com.zaxxer.hikari.pool.HikariPool        : HikariPool-1 - Added connection conn0: url=jdbc:h2:mem:island_db user=SA
2025-10-29T20:34:11.933+03:00  INFO 20128 --- [island-simulation] [main] com.zaxxer.hikari.HikariDataSource       : HikariPool-1 - Start completed.
2025-10-29T20:34:11.940+03:00  INFO 20128 --- [island-simulation] [main] o.s.b.a.h2.H2ConsoleAutoConfiguration    : H2 console available at '/h2-console'. Database available at 'jdbc:h2:mem:island_db'
2025-10-29T20:34:12.188+03:00  INFO 20128 --- [island-simulation] [main] o.s.o.j.p.SpringPersistenceUnitInfo      : No LoadTimeWeaver setup: ignoring JPA class transformer
2025-10-29T20:34:12.210+03:00  WARN 20128 --- [island-simulation] [main] org.hibernate.orm.deprecation            : HHH90000025: H2Dialect does not need to be specified explicitly using 'hibernate.dialect' (remove the property setting and it will be selected by default)
2025-10-29T20:34:12.863+03:00  INFO 20128 --- [island-simulation] [main] j.LocalContainerEntityManagerFactoryBean : Initialized JPA EntityManagerFactory for persistence unit 'default'
2025-10-29T20:34:12.989+03:00  INFO 20128 --- [island-simulation] [main] o.s.d.j.r.query.QueryEnhancerFactory     : Hibernate is in classpath; If applicable, HQL parser will be used.
2025-10-29T20:34:13.247+03:00  INFO 20128 --- [island-simulation] [main] c.V.i.controller.WebSocketController     : WebSocket updates scheduled with interval: 1000 ms
2025-10-29T20:34:13.626+03:00  INFO 20128 --- [island-simulation] [main] o.s.b.w.embedded.tomcat.TomcatWebServer  : Tomcat started on port 8080 (http) with context path ''
2025-10-29T20:34:13.628+03:00  INFO 20128 --- [island-simulation] [main] o.s.m.s.b.SimpleBrokerMessageHandler     : Starting...
2025-10-29T20:34:13.628+03:00  INFO 20128 --- [island-simulation] [main] o.s.m.s.b.SimpleBrokerMessageHandler     : BrokerAvailabilityEvent[available=true, SimpleBrokerMessageHandler [org.springframework.messaging.simp.broker.DefaultSubscriptionRegistry@7906de2f]]
2025-10-29T20:34:13.629+03:00  INFO 20128 --- [island-simulation] [main] o.s.m.s.b.SimpleBrokerMessageHandler     : Started.
2025-10-29T20:34:13.633+03:00  INFO 20128 --- [island-simulation] [main] c.V.island.IslandSimulationApplication   : Started IslandSimulationApplication in 2.784 seconds (process running for 2.958)
2025-10-29T20:34:17.130+03:00  INFO 20128 --- [island-simulation] [http-nio-0.0.0.0-8080-exec-1] o.a.c.c.C.[Tomcat].[localhost].[/]       : Initializing Spring DispatcherServlet 'dispatcherServlet'
2025-10-29T20:34:17.131+03:00  INFO 20128 --- [island-simulation] [http-nio-0.0.0.0-8080-exec-1] o.s.web.servlet.DispatcherServlet        : Initializing Servlet 'dispatcherServlet'
2025-10-29T20:34:17.132+03:00  INFO 20128 --- [island-simulation] [http-nio-0.0.0.0-8080-exec-1] o.s.web.servlet.DispatcherServlet        : Completed initialization in 1 ms
2025-10-29T20:34:33.700+03:00  INFO 20128 --- [island-simulation] [http-nio-0.0.0.0-8080-exec-3] c.V.island.service.SimulationEngine      : Initializing animals on the island with config: SimulationConfig{width=50, height=10, turnDurationMs=1000, wolves=20, boas=0, foxes=0, bears=0, eagles=0, horses=0, deer=0, rabbits=0, mice=0, goats=0, sheep=0, boars=0, buffalo=0, ducks=0, caterpillars=0, plants=10}
2025-10-29T20:34:33.715+03:00  INFO 20128 --- [island-simulation] [http-nio-0.0.0.0-8080-exec-3] c.V.island.service.SimulationEngine      : Animals initialization completed
2025-10-29T20:34:33.716+03:00  INFO 20128 --- [island-simulation] [http-nio-0.0.0.0-8080-exec-3] c.V.i.controller.WebSocketController     : WebSocket updates scheduled with interval: 1000 ms
2025-10-29T20:34:33.717+03:00  INFO 20128 --- [island-simulation] [http-nio-0.0.0.0-8080-exec-3] c.V.island.service.SimulationEngine      : Simulation started with speed: 1000 ms
2025-10-29T20:34:33.722+03:00 DEBUG 20128 --- [island-simulation] [] com.VasilevYuV.island.animals.Predator   : Wolf didn't eat, satiety decreased to: 7.88/12.0
2025-10-29T20:34:33.722+03:00 DEBUG 20128 --- [island-simulation] [] com.VasilevYuV.island.animals.Predator   : Wolf moved randomly to [5,2]
2025-10-29T20:34:33.722+03:00 DEBUG 20128 --- [island-simulation] [] com.VasilevYuV.island.animals.Predator   : Wolf didn't eat, satiety decreased to: 7.88/12.0
2025-10-29T20:34:33.722+03:00 DEBUG 20128 --- [island-simulation] [] com.VasilevYuV.island.animals.Predator   : Wolf didn't eat, satiety decreased to: 7.88/12.0
2025-10-29T20:34:33.722+03:00 DEBUG 20128 --- [island-simulation] [] com.VasilevYuV.island.animals.Predator   : Wolf didn't eat, satiety decreased to: 7.88/12.0
2025-10-29T20:34:33.723+03:00 DEBUG 20128 --- [island-simulation] [] com.VasilevYuV.island.animals.Predator   : Wolf didn't eat, satiety decreased to: 7.88/12.0
2025-10-29T20:34:33.723+03:00 DEBUG 20128 --- [island-simulation] [] com.VasilevYuV.island.animals.Predator   : Wolf didn't eat, satiety decreased to: 7.88/12.0
2025-10-29T20:34:33.723+03:00 DEBUG 20128 --- [island-simulation] [] com.VasilevYuV.island.animals.Predator   : Wolf didn't eat, satiety decreased to: 7.76/12.0
2025-10-29T20:34:33.725+03:00 DEBUG 20128 --- [island-simulation] [] com.VasilevYuV.island.animals.Predator   : Wolf didn't eat, satiety decreased to: 7.88/12.0
2025-10-29T20:34:33.725+03:00 DEBUG 20128 --- [island-simulation] [] com.VasilevYuV.island.animals.Predator   : Wolf didn't eat, satiety decreased to: 7.88/12.0
2025-10-29T20:34:33.725+03:00 DEBUG 20128 --- [island-simulation] [] com.VasilevYuV.island.animals.Predator   : Wolf moved randomly to [11,4]
2025-10-29T20:34:33.723+03:00 DEBUG 20128 --- [island-simulation] [] com.VasilevYuV.island.animals.Predator   : Wolf didn't eat, satiety decreased to: 7.88/12.0
2025-10-29T20:34:33.727+03:00 DEBUG 20128 --- [island-simulation] [] com.VasilevYuV.island.animals.Predator   : Wolf moved randomly to [4,2]
2025-10-29T20:34:33.723+03:00 DEBUG 20128 --- [island-simulation] [] com.VasilevYuV.island.animals.Predator   : Wolf moved randomly to [2,4]
2025-10-29T20:34:33.728+03:00 DEBUG 20128 --- [island-simulation] [] com.VasilevYuV.island.animals.Predator   : Wolf didn't eat, satiety decreased to: 7.159999999999999/12.0
2025-10-29T20:34:33.724+03:00 DEBUG 20128 --- [island-simulation] [] com.VasilevYuV.island.animals.Predator   : Wolf didn't eat, satiety decreased to: 7.76/12.0
2025-10-29T20:34:33.725+03:00 DEBUG 20128 --- [island-simulation] [] com.VasilevYuV.island.animals.Predator   : Wolf didn't eat, satiety decreased to: 7.88/12.0
2025-10-29T20:34:33.725+03:00 DEBUG 20128 --- [island-simulation] [] com.VasilevYuV.island.animals.Predator   : Wolf didn't eat, satiety decreased to: 7.88/12.0
2025-10-29T20:34:33.725+03:00 DEBUG 20128 --- [island-simulation] [] com.VasilevYuV.island.animals.Predator   : Wolf moved randomly to [2,5]
2025-10-29T20:34:33.726+03:00 DEBUG 20128 --- [island-simulation] [] com.VasilevYuV.island.animals.Predator   : Wolf didn't eat, satiety decreased to: 7.88/12.0
2025-10-29T20:34:33.727+03:00 DEBUG 20128 --- [island-simulation] [] com.VasilevYuV.island.animals.Predator   : Wolf didn't eat, satiety decreased to: 7.76/12.0
2025-10-29T20:34:33.728+03:00 DEBUG 20128 --- [island-simulation] [] com.VasilevYuV.island.animals.Predator   : Wolf moved randomly to [42,3]
2025-10-29T20:34:33.728+03:00 DEBUG 20128 --- [island-simulation] [] com.VasilevYuV.island.animals.Predator   : Wolf didn't eat, satiety decreased to: 7.159999999999999/12.0
2025-10-29T20:34:33.729+03:00 DEBUG 20128 --- [island-simulation] [] com.VasilevYuV.island.animals.Predator   : Wolf moved randomly to [47,7]
2025-10-29T20:34:33.729+03:00 DEBUG 20128 --- [island-simulation] [] com.VasilevYuV.island.animals.Predator   : Wolf didn't eat, satiety decreased to: 7.88/12.0
2025-10-29T20:34:33.730+03:00 DEBUG 20128 --- [island-simulation] [] com.VasilevYuV.island.animals.Predator   : Wolf moved randomly to [20,4]
2025-10-29T20:34:33.731+03:00 DEBUG 20128 --- [island-simulation] [] com.VasilevYuV.island.animals.Predator   : Wolf didn't eat, satiety decreased to: 7.88/12.0
2025-10-29T20:34:33.730+03:00 DEBUG 20128 --- [island-simulation] [] com.VasilevYuV.island.animals.Predator   : Wolf moved randomly to [38,2]
2025-10-29T20:34:33.732+03:00 DEBUG 20128 --- [island-simulation] [] com.VasilevYuV.island.animals.Predator   : Wolf moved randomly to [17,6]
2025-10-29T20:34:33.732+03:00 DEBUG 20128 --- [island-simulation] [] com.VasilevYuV.island.animals.Predator   : Wolf moved randomly to [20,3]
2025-10-29T20:34:33.732+03:00 DEBUG 20128 --- [island-simulation] [] com.VasilevYuV.island.animals.Predator   : Wolf moved randomly to [23,1]
2025-10-29T20:34:33.732+03:00 DEBUG 20128 --- [island-simulation] [] com.VasilevYuV.island.animals.Predator   : Wolf didn't eat, satiety decreased to: 7.88/12.0
2025-10-29T20:34:33.734+03:00 DEBUG 20128 --- [island-simulation] [] com.VasilevYuV.island.animals.Predator   : Wolf didn't eat, satiety decreased to: 7.88/12.0
2025-10-29T20:34:33.732+03:00 DEBUG 20128 --- [island-simulation] [] com.VasilevYuV.island.animals.Predator   : Wolf didn't eat, satiety decreased to: 7.88/12.0
2025-10-29T20:34:33.732+03:00 DEBUG 20128 --- [island-simulation] [] com.VasilevYuV.island.animals.Predator   : Wolf didn't eat, satiety decreased to: 7.88/12.0
2025-10-29T20:34:33.732+03:00 DEBUG 20128 --- [island-simulation] [] com.VasilevYuV.island.animals.Predator   : Wolf didn't eat, satiety decreased to: 7.88/12.0
2025-10-29T20:34:33.734+03:00 DEBUG 20128 --- [island-simulation] [] com.VasilevYuV.island.animals.Predator   : Wolf moved randomly to [14,5]
2025-10-29T20:34:33.734+03:00 DEBUG 20128 --- [island-simulation] [] com.VasilevYuV.island.animals.Predator   : Wolf didn't eat, satiety decreased to: 7.76/12.0
2025-10-29T20:34:33.734+03:00 DEBUG 20128 --- [island-simulation] [] com.VasilevYuV.island.animals.Predator   : Wolf didn't eat, satiety decreased to: 7.159999999999999/12.0
2025-10-29T20:34:33.737+03:00 DEBUG 20128 --- [island-simulation] [] com.VasilevYuV.island.animals.Predator   : Wolf didn't eat, satiety decreased to: 7.88/12.0
2025-10-29T20:34:33.748+03:00 DEBUG 20128 --- [island-simulation] [] com.VasilevYuV.island.animals.Predator   : Wolf moved randomly to [42,2]
2025-10-29T20:34:33.748+03:00 DEBUG 20128 --- [island-simulation] [] com.VasilevYuV.island.animals.Predator   : Wolf didn't eat, satiety decreased to: 7.159999999999999/12.0
2025-10-29T20:34:33.749+03:00 DEBUG 20128 --- [island-simulation] [] com.VasilevYuV.island.animals.Predator   : Wolf didn't eat, satiety decreased to: 7.159999999999999/12.0
2025-10-29T20:34:33.750+03:00 DEBUG 20128 --- [island-simulation] [pool-2-thread-1] c.V.island.service.SimulationEngine      : Turn 1 completed in 33 ms
2025-10-29T20:34:34.720+03:00 DEBUG 20128 --- [island-simulation] [] com.VasilevYuV.island.animals.Predator   : Wolf didn't eat, satiety decreased to: 6.439999999999999/12.0
2025-10-29T20:34:34.721+03:00 DEBUG 20128 --- [island-simulation] [pool-2-thread-1] c.V.island.service.SimulationEngine      : Turn 2 completed in 3 ms
2025-10-29T20:34:34.720+03:00 DEBUG 20128 --- [island-simulation] [] com.VasilevYuV.island.animals.Predator   : Wolf didn't eat, satiety decreased to: 6.439999999999999/12.0
2025-10-29T20:34:34.723+03:00 DEBUG 20128 --- [island-simulation] [] com.VasilevYuV.island.animals.Predator   : Wolf didn't eat, satiety decreased to: 6.44/12.0
2025-10-29T20:34:34.720+03:00 DEBUG 20128 --- [island-simulation] [] com.VasilevYuV.island.animals.Predator   : Wolf didn't eat, satiety decreased to: 7.159999999999999/12.0
2025-10-29T20:34:34.720+03:00 DEBUG 20128 --- [island-simulation] [] com.VasilevYuV.island.animals.Predator   : Wolf didn't eat, satiety decreased to: 7.159999999999999/12.0
2025-10-29T20:34:34.720+03:00 DEBUG 20128 --- [island-simulation] [] com.VasilevYuV.island.animals.Predator   : Wolf didn't eat, satiety decreased to: 6.44/12.0
2025-10-29T20:34:34.720+03:00 DEBUG 20128 --- [island-simulation] [] com.VasilevYuV.island.animals.Predator   : Wolf didn't eat, satiety decreased to: 6.439999999999999/12.0
2025-10-29T20:34:34.724+03:00 DEBUG 20128 --- [island-simulation] [] com.VasilevYuV.island.animals.Predator   : Wolf moved randomly to [25,4]
2025-10-29T20:34:34.720+03:00 DEBUG 20128 --- [island-simulation] [] com.VasilevYuV.island.animals.Predator   : Wolf didn't eat, satiety decreased to: 7.159999999999999/12.0
2025-10-29T20:34:34.724+03:00 DEBUG 20128 --- [island-simulation] [] com.VasilevYuV.island.animals.Predator   : Wolf didn't eat, satiety decreased to: 6.44/12.0
2025-10-29T20:34:34.725+03:00 DEBUG 20128 --- [island-simulation] [] com.VasilevYuV.island.animals.Predator   : Wolf moved randomly to [13,5]
2025-10-29T20:34:34.720+03:00 DEBUG 20128 --- [island-simulation] [] com.VasilevYuV.island.animals.Predator   : Wolf didn't eat, satiety decreased to: 7.159999999999999/12.0
2025-10-29T20:34:34.720+03:00 DEBUG 20128 --- [island-simulation] [] com.VasilevYuV.island.animals.Predator   : Wolf didn't eat, satiety decreased to: 7.159999999999999/12.0
2025-10-29T20:34:34.720+03:00 DEBUG 20128 --- [island-simulation] [] com.VasilevYuV.island.animals.Predator   : Wolf didn't eat, satiety decreased to: 7.159999999999999/12.0
2025-10-29T20:34:34.721+03:00 DEBUG 20128 --- [island-simulation] [] com.VasilevYuV.island.animals.Predator   : Wolf didn't eat, satiety decreased to: 7.159999999999999/12.0
2025-10-29T20:34:34.723+03:00 DEBUG 20128 --- [island-simulation] [] com.VasilevYuV.island.animals.Animal     : Wolf reproduced! Population: 3/10, probability: 0.6000000000000001
2025-10-29T20:34:34.723+03:00 DEBUG 20128 --- [island-simulation] [] com.VasilevYuV.island.animals.Predator   : Wolf moved randomly to [3,5]
2025-10-29T20:34:34.723+03:00 DEBUG 20128 --- [island-simulation] [] com.VasilevYuV.island.animals.Predator   : Wolf moved randomly to [3,4]
2025-10-29T20:34:34.727+03:00 DEBUG 20128 --- [island-simulation] [] com.VasilevYuV.island.animals.Predator   : Wolf didn't eat, satiety decreased to: 5.72/12.0
2025-10-29T20:34:34.723+03:00 DEBUG 20128 --- [island-simulation] [] com.VasilevYuV.island.animals.Predator   : Wolf moved randomly to [3,1]
2025-10-29T20:34:34.727+03:00 DEBUG 20128 --- [island-simulation] [] com.VasilevYuV.island.animals.Predator   : Wolf didn't eat, satiety decreased to: 7.159999999999999/12.0
2025-10-29T20:34:34.723+03:00 DEBUG 20128 --- [island-simulation] [] com.VasilevYuV.island.animals.Predator   : Wolf moved randomly to [15,7]
2025-10-29T20:34:34.723+03:00 DEBUG 20128 --- [island-simulation] [] com.VasilevYuV.island.animals.Predator   : Wolf moved randomly to [6,7]
2025-10-29T20:34:34.723+03:00 DEBUG 20128 --- [island-simulation] [] com.VasilevYuV.island.animals.Predator   : Wolf moved randomly to [3,3]
2025-10-29T20:34:34.723+03:00 DEBUG 20128 --- [island-simulation] [] com.VasilevYuV.island.animals.Predator   : Wolf moved randomly to [20,4]
2025-10-29T20:34:34.724+03:00 DEBUG 20128 --- [island-simulation] [] com.VasilevYuV.island.animals.Predator   : Wolf moved randomly to [17,7]
2025-10-29T20:34:34.724+03:00 DEBUG 20128 --- [island-simulation] [] com.VasilevYuV.island.animals.Predator   : Wolf moved randomly to [43,3]
2025-10-29T20:34:34.729+03:00 DEBUG 20128 --- [island-simulation] [] com.VasilevYuV.island.animals.Predator   : Wolf didn't eat, satiety decreased to: 5.719999999999998/12.0
2025-10-29T20:34:34.729+03:00 DEBUG 20128 --- [island-simulation] [] com.VasilevYuV.island.animals.Predator   : Wolf didn't eat, satiety decreased to: 3.319999999999998/12.0
2025-10-29T20:34:34.724+03:00 DEBUG 20128 --- [island-simulation] [] com.VasilevYuV.island.animals.Predator   : Wolf moved randomly to [13,6]
2025-10-29T20:34:34.724+03:00 DEBUG 20128 --- [island-simulation] [] com.VasilevYuV.island.animals.Predator   : Wolf moved randomly to [39,1]
2025-10-29T20:34:34.724+03:00 DEBUG 20128 --- [island-simulation] [] com.VasilevYuV.island.animals.Predator   : Wolf moved randomly to [10,4]
2025-10-29T20:34:34.724+03:00 DEBUG 20128 --- [island-simulation] [] com.VasilevYuV.island.animals.Predator   : Wolf moved randomly to [21,5]
2025-10-29T20:34:34.724+03:00 DEBUG 20128 --- [island-simulation] [] com.VasilevYuV.island.animals.Predator   : Wolf moved randomly to [17,7]
2025-10-29T20:34:34.725+03:00 DEBUG 20128 --- [island-simulation] [] com.VasilevYuV.island.animals.Predator   : Wolf didn't eat, satiety decreased to: 6.44/12.0
2025-10-29T20:34:34.727+03:00 DEBUG 20128 --- [island-simulation] [] com.VasilevYuV.island.animals.Predator   : Wolf didn't eat, satiety decreased to: 6.439999999999999/12.0
2025-10-29T20:34:34.727+03:00 DEBUG 20128 --- [island-simulation] [] com.VasilevYuV.island.animals.Predator   : Wolf didn't eat, satiety decreased to: 6.439999999999999/12.0
2025-10-29T20:34:34.727+03:00 DEBUG 20128 --- [island-simulation] [] com.VasilevYuV.island.animals.Predator   : Wolf didn't eat, satiety decreased to: 7.159999999999999/12.0
2025-10-29T20:34:34.728+03:00 DEBUG 20128 --- [island-simulation] [] com.VasilevYuV.island.animals.Predator   : Wolf didn't eat, satiety decreased to: 6.3199999999999985/12.0
2025-10-29T20:34:34.728+03:00 DEBUG 20128 --- [island-simulation] [] com.VasilevYuV.island.animals.Predator   : Wolf didn't eat, satiety decreased to: 7.159999999999999/12.0
2025-10-29T20:34:34.728+03:00 DEBUG 20128 --- [island-simulation] [] com.VasilevYuV.island.animals.Predator   : Wolf didn't eat, satiety decreased to: 6.439999999999999/12.0
2025-10-29T20:34:34.729+03:00 DEBUG 20128 --- [island-simulation] [] com.VasilevYuV.island.animals.Predator   : Wolf didn't eat, satiety decreased to: 7.039999999999999/12.0
2025-10-29T20:34:34.729+03:00 DEBUG 20128 --- [island-simulation] [] com.VasilevYuV.island.animals.Predator   : Wolf didn't eat, satiety decreased to: 6.32/12.0
2025-10-29T20:34:34.730+03:00 DEBUG 20128 --- [island-simulation] [] com.VasilevYuV.island.animals.Predator   : Wolf didn't eat, satiety decreased to: 2.599999999999998/12.0
2025-10-29T20:34:34.730+03:00 DEBUG 20128 --- [island-simulation] [] com.VasilevYuV.island.animals.Predator   : Wolf didn't eat, satiety decreased to: 6.2/12.0
2025-10-29T20:34:34.731+03:00 DEBUG 20128 --- [island-simulation] [] com.VasilevYuV.island.animals.Predator   : Wolf didn't eat, satiety decreased to: 7.159999999999999/12.0
2025-10-29T20:34:34.731+03:00 DEBUG 20128 --- [island-simulation] [] com.VasilevYuV.island.animals.Predator   : Wolf didn't eat, satiety decreased to: 7.039999999999999/12.0
2025-10-29T20:34:34.733+03:00 DEBUG 20128 --- [island-simulation] [] com.VasilevYuV.island.animals.Animal     : Wolf reproduced! Population: 3/10, probability: 0.6000000000000001
2025-10-29T20:34:34.734+03:00 DEBUG 20128 --- [island-simulation] [] com.VasilevYuV.island.animals.Animal     : Wolf reproduced! Population: 4/10, probability: 0.5
2025-10-29T20:34:35.718+03:00 DEBUG 20128 --- [island-simulation] [] com.VasilevYuV.island.animals.Predator   : Wolf didn't eat, satiety decreased to: 6.439999999999999/12.0
2025-10-29T20:34:35.719+03:00 DEBUG 20128 --- [island-simulation] [] com.VasilevYuV.island.animals.Predator   : Wolf didn't eat, satiety decreased to: 6.439999999999999/12.0
2025-10-29T20:34:35.719+03:00 DEBUG 20128 --- [island-simulation] [] com.VasilevYuV.island.animals.Predator   : Wolf didn't eat, satiety decreased to: 1.8799999999999977/12.0
2025-10-29T20:34:35.719+03:00 DEBUG 20128 --- [island-simulation] [] com.VasilevYuV.island.animals.Predator   : Wolf didn't eat, satiety decreased to: 4.999999999999999/12.0
2025-10-29T20:34:35.719+03:00 DEBUG 20128 --- [island-simulation] [] com.VasilevYuV.island.animals.Predator   : Wolf didn't eat, satiety decreased to: 4.999999999999999/12.0
2025-10-29T20:34:35.722+03:00 DEBUG 20128 --- [island-simulation] [] com.VasilevYuV.island.animals.Predator   : Wolf didn't eat, satiety decreased to: 6.439999999999999/12.0
2025-10-29T20:34:35.722+03:00 DEBUG 20128 --- [island-simulation] [] com.VasilevYuV.island.animals.Predator   : Wolf didn't eat, satiety decreased to: 1.0399999999999974/12.0
2025-10-29T20:34:35.719+03:00 DEBUG 20128 --- [island-simulation] [] com.VasilevYuV.island.animals.Predator   : Wolf didn't eat, satiety decreased to: 5.719999999999998/12.0
2025-10-29T20:34:35.723+03:00 DEBUG 20128 --- [island-simulation] [] com.VasilevYuV.island.animals.Predator   : Wolf moved randomly to [18,5]
2025-10-29T20:34:35.720+03:00 DEBUG 20128 --- [island-simulation] [] com.VasilevYuV.island.animals.Predator   : Wolf didn't eat, satiety decreased to: 6.439999999999999/12.0
2025-10-29T20:34:35.720+03:00 DEBUG 20128 --- [island-simulation] [] com.VasilevYuV.island.animals.Predator   : Wolf didn't eat, satiety decreased to: 5.719999999999998/12.0
2025-10-29T20:34:35.720+03:00 DEBUG 20128 --- [island-simulation] [pool-2-thread-1] c.V.island.service.SimulationEngine      : Turn 3 completed in 2 ms
2025-10-29T20:34:35.721+03:00 DEBUG 20128 --- [island-simulation] [] com.VasilevYuV.island.animals.Predator   : Wolf moved randomly to [19,4]
2025-10-29T20:34:35.726+03:00 DEBUG 20128 --- [island-simulation] [] com.VasilevYuV.island.animals.Predator   : Wolf didn't eat, satiety decreased to: 4.999999999999997/12.0
2025-10-29T20:34:35.721+03:00 DEBUG 20128 --- [island-simulation] [] com.VasilevYuV.island.animals.Predator   : Wolf moved randomly to [13,5]
2025-10-29T20:34:35.721+03:00 DEBUG 20128 --- [island-simulation] [] com.VasilevYuV.island.animals.Predator   : Wolf moved randomly to [20,4]
2025-10-29T20:34:35.721+03:00 DEBUG 20128 --- [island-simulation] [] com.VasilevYuV.island.animals.Predator   : Wolf moved randomly to [4,6]
2025-10-29T20:34:35.722+03:00 DEBUG 20128 --- [island-simulation] [] com.VasilevYuV.island.animals.Predator   : Wolf didn't eat, satiety decreased to: 1.1599999999999975/12.0
2025-10-29T20:34:35.722+03:00 DEBUG 20128 --- [island-simulation] [] com.VasilevYuV.island.animals.Predator   : Wolf moved randomly to [22,3]
2025-10-29T20:34:35.722+03:00 DEBUG 20128 --- [island-simulation] [] com.VasilevYuV.island.animals.Predator   : Wolf moved randomly to [34,5]
2025-10-29T20:34:35.722+03:00 DEBUG 20128 --- [island-simulation] [] com.VasilevYuV.island.animals.Predator   : Wolf moved randomly to [41,5]
2025-10-29T20:34:35.722+03:00 DEBUG 20128 --- [island-simulation] [] com.VasilevYuV.island.animals.Predator   : Wolf moved randomly to [14,3]
2025-10-29T20:34:35.722+03:00 DEBUG 20128 --- [island-simulation] [] com.VasilevYuV.island.animals.Predator   : Wolf moved randomly to [8,1]
2025-10-29T20:34:35.722+03:00 DEBUG 20128 --- [island-simulation] [] com.VasilevYuV.island.animals.Predator   : Wolf moved randomly to [5,1]
2025-10-29T20:34:35.724+03:00 DEBUG 20128 --- [island-simulation] [] com.VasilevYuV.island.animals.Predator   : Wolf didn't eat, satiety decreased to: 6.439999999999999/12.0
2025-10-29T20:34:35.726+03:00 DEBUG 20128 --- [island-simulation] [] com.VasilevYuV.island.animals.Predator   : Wolf didn't eat, satiety decreased to: 6.439999999999999/12.0
2025-10-29T20:34:35.727+03:00 DEBUG 20128 --- [island-simulation] [] com.VasilevYuV.island.animals.Predator   : Wolf didn't eat, satiety decreased to: 3.319999999999999/12.0
2025-10-29T20:34:35.728+03:00 DEBUG 20128 --- [island-simulation] [] com.VasilevYuV.island.animals.Predator   : Wolf didn't eat, satiety decreased to: 5.719999999999998/12.0
2025-10-29T20:34:35.729+03:00 DEBUG 20128 --- [island-simulation] [] com.VasilevYuV.island.animals.Predator   : Wolf didn't eat, satiety decreased to: 5.72/12.0
2025-10-29T20:34:35.729+03:00 DEBUG 20128 --- [island-simulation] [] com.VasilevYuV.island.animals.Predator   : Wolf didn't eat, satiety decreased to: 6.439999999999999/12.0
2025-10-29T20:34:35.730+03:00 DEBUG 20128 --- [island-simulation] [] com.VasilevYuV.island.animals.Predator   : Wolf didn't eat, satiety decreased to: 4.999999999999997/12.0
2025-10-29T20:34:35.730+03:00 DEBUG 20128 --- [island-simulation] [] com.VasilevYuV.island.animals.Predator   : Wolf didn't eat, satiety decreased to: 4.28/12.0
2025-10-29T20:34:35.730+03:00 DEBUG 20128 --- [island-simulation] [] com.VasilevYuV.island.animals.Predator   : Wolf didn't eat, satiety decreased to: 5.72/12.0
2025-10-29T20:34:35.732+03:00 DEBUG 20128 --- [island-simulation] [] com.VasilevYuV.island.animals.Predator   : Wolf didn't eat, satiety decreased to: 6.439999999999999/12.0
2025-10-29T20:34:35.735+03:00 DEBUG 20128 --- [island-simulation] [] com.VasilevYuV.island.animals.Predator   : Wolf didn't eat, satiety decreased to: 4.279999999999997/12.0
2025-10-29T20:34:35.735+03:00 DEBUG 20128 --- [island-simulation] [] com.VasilevYuV.island.animals.Predator   : Wolf moved randomly to [19,5]
2025-10-29T20:34:35.737+03:00 DEBUG 20128 --- [island-simulation] [] com.VasilevYuV.island.animals.Predator   : Wolf didn't eat, satiety decreased to: 3.319999999999999/12.0
2025-10-29T20:34:35.739+03:00 DEBUG 20128 --- [island-simulation] [] com.VasilevYuV.island.animals.Predator   : Wolf moved randomly to [18,7]
2025-10-29T20:34:35.739+03:00 DEBUG 20128 --- [island-simulation] [] com.VasilevYuV.island.animals.Predator   : Wolf moved randomly to [40,5]
2025-10-29T20:34:35.739+03:00 DEBUG 20128 --- [island-simulation] [] com.VasilevYuV.island.animals.Predator   : Wolf didn't eat, satiety decreased to: 7.88/12.0
2025-10-29T20:34:35.740+03:00 DEBUG 20128 --- [island-simulation] [] com.VasilevYuV.island.animals.Predator   : Wolf didn't eat, satiety decreased to: 7.88/12.0
2025-10-29T20:34:35.742+03:00 DEBUG 20128 --- [island-simulation] [] com.VasilevYuV.island.animals.Predator   : Wolf moved randomly to [17,7]
2025-10-29T20:34:35.743+03:00 DEBUG 20128 --- [island-simulation] [] com.VasilevYuV.island.animals.Predator   : Wolf didn't eat, satiety decreased to: 7.88/12.0
2025-10-29T20:34:36.718+03:00 DEBUG 20128 --- [island-simulation] [] com.VasilevYuV.island.animals.Predator   : Wolf didn't eat, satiety decreased to: 5.719999999999998/12.0
2025-10-29T20:34:36.718+03:00 DEBUG 20128 --- [island-simulation] [] com.VasilevYuV.island.animals.Predator   : Wolf didn't eat, satiety decreased to: 7.159999999999999/12.0
2025-10-29T20:34:36.719+03:00 DEBUG 20128 --- [island-simulation] [] com.VasilevYuV.island.animals.Predator   : Wolf didn't eat, satiety decreased to: 5.719999999999998/12.0
2025-10-29T20:34:36.719+03:00 DEBUG 20128 --- [island-simulation] [] com.VasilevYuV.island.animals.Predator   : Wolf didn't eat, satiety decreased to: 5.719999999999998/12.0
2025-10-29T20:34:36.719+03:00 DEBUG 20128 --- [island-simulation] [] com.VasilevYuV.island.animals.Predator   : Wolf didn't eat, satiety decreased to: 5.719999999999998/12.0
2025-10-29T20:34:36.719+03:00 DEBUG 20128 --- [island-simulation] [] com.VasilevYuV.island.animals.Predator   : Wolf didn't eat, satiety decreased to: 4.999999999999999/12.0
2025-10-29T20:34:36.721+03:00 DEBUG 20128 --- [island-simulation] [] com.VasilevYuV.island.animals.Predator   : Wolf moved randomly to [44,8]
2025-10-29T20:34:36.719+03:00 DEBUG 20128 --- [island-simulation] [] com.VasilevYuV.island.animals.Predator   : Wolf didn't eat, satiety decreased to: 3.5599999999999965/12.0
2025-10-29T20:34:36.722+03:00 DEBUG 20128 --- [island-simulation] [] com.VasilevYuV.island.animals.Predator   : Wolf moved randomly to [8,7]
2025-10-29T20:34:36.722+03:00 DEBUG 20128 --- [island-simulation] [] com.VasilevYuV.island.animals.Predator   : Wolf didn't eat, satiety decreased to: 7.159999999999999/12.0
2025-10-29T20:34:36.719+03:00 DEBUG 20128 --- [island-simulation] [] com.VasilevYuV.island.animals.Predator   : Wolf didn't eat, satiety decreased to: 5.599999999999998/12.0
2025-10-29T20:34:36.719+03:00 DEBUG 20128 --- [island-simulation] [] com.VasilevYuV.island.animals.Predator   : Wolf didn't eat, satiety decreased to: 2.5999999999999988/12.0
2025-10-29T20:34:36.720+03:00 DEBUG 20128 --- [island-simulation] [] com.VasilevYuV.island.animals.Predator   : Wolf moved randomly to [12,5]
2025-10-29T20:34:36.720+03:00 DEBUG 20128 --- [island-simulation] [] com.VasilevYuV.island.animals.Predator   : Wolf moved randomly to [41,2]
2025-10-29T20:34:36.723+03:00 DEBUG 20128 --- [island-simulation] [] com.VasilevYuV.island.animals.Predator   : Wolf didn't eat, satiety decreased to: 3.56/12.0
2025-10-29T20:34:36.720+03:00 DEBUG 20128 --- [island-simulation] [pool-2-thread-1] c.V.island.service.SimulationEngine      : Turn 4 completed in 2 ms
2025-10-29T20:34:36.721+03:00 DEBUG 20128 --- [island-simulation] [] com.VasilevYuV.island.animals.Predator   : Wolf didn't eat, satiety decreased to: 6.439999999999999/12.0
2025-10-29T20:34:36.721+03:00 DEBUG 20128 --- [island-simulation] [] com.VasilevYuV.island.animals.Predator   : Wolf moved randomly to [4,6]
2025-10-29T20:34:36.721+03:00 DEBUG 20128 --- [island-simulation] [] com.VasilevYuV.island.animals.Predator   : Wolf moved randomly to [11,4]
2025-10-29T20:34:36.721+03:00 DEBUG 20128 --- [island-simulation] [] com.VasilevYuV.island.animals.Predator   : Wolf moved randomly to [9,2]
2025-10-29T20:34:36.721+03:00 DEBUG 20128 --- [island-simulation] [] com.VasilevYuV.island.animals.Predator   : Wolf moved randomly to [6,0]
2025-10-29T20:34:36.721+03:00 DEBUG 20128 --- [island-simulation] [] com.VasilevYuV.island.animals.Predator   : Wolf moved randomly to [1,1]
2025-10-29T20:34:36.721+03:00 DEBUG 20128 --- [island-simulation] [] com.VasilevYuV.island.animals.Predator   : Wolf moved randomly to [4,2]
2025-10-29T20:34:36.722+03:00 DEBUG 20128 --- [island-simulation] [] com.VasilevYuV.island.animals.Predator   : Wolf moved randomly to [21,3]
2025-10-29T20:34:36.726+03:00 DEBUG 20128 --- [island-simulation] [] com.VasilevYuV.island.animals.Predator   : Wolf didn't eat, satiety decreased to: 5.719999999999998/12.0
2025-10-29T20:34:36.722+03:00 DEBUG 20128 --- [island-simulation] [] com.VasilevYuV.island.animals.Predator   : Wolf moved randomly to [21,4]
2025-10-29T20:34:36.722+03:00 DEBUG 20128 --- [island-simulation] [] com.VasilevYuV.island.animals.Predator   : Wolf moved randomly to [43,1]
2025-10-29T20:34:36.727+03:00 DEBUG 20128 --- [island-simulation] [] com.VasilevYuV.island.animals.Predator   : Wolf didn't eat, satiety decreased to: 4.999999999999999/12.0
2025-10-29T20:34:36.722+03:00 DEBUG 20128 --- [island-simulation] [] com.VasilevYuV.island.animals.Predator   : Wolf moved randomly to [33,4]
2025-10-29T20:34:36.722+03:00 DEBUG 20128 --- [island-simulation] [] com.VasilevYuV.island.animals.Predator   : Wolf moved randomly to [4,4]
2025-10-29T20:34:36.722+03:00 DEBUG 20128 --- [island-simulation] [] com.VasilevYuV.island.animals.Predator   : Wolf didn't eat, satiety decreased to: 4.2799999999999985/12.0
2025-10-29T20:34:36.722+03:00 DEBUG 20128 --- [island-simulation] [] com.VasilevYuV.island.animals.Predator   : Wolf moved randomly to [17,8]
2025-10-29T20:34:36.723+03:00 DEBUG 20128 --- [island-simulation] [] com.VasilevYuV.island.animals.Predator   : Wolf didn't eat, satiety decreased to: 2.8399999999999963/12.0
2025-10-29T20:34:36.724+03:00 DEBUG 20128 --- [island-simulation] [] com.VasilevYuV.island.animals.Predator   : Wolf didn't eat, satiety decreased to: 4.2799999999999985/12.0
2025-10-29T20:34:36.728+03:00 DEBUG 20128 --- [island-simulation] [] com.VasilevYuV.island.animals.Predator   : Wolf didn't eat, satiety decreased to: 2.5999999999999988/12.0
2025-10-29T20:34:36.724+03:00 DEBUG 20128 --- [island-simulation] [] com.VasilevYuV.island.animals.Animal     : Wolf reproduced! Population: 3/10, probability: 0.6000000000000001
2025-10-29T20:34:36.725+03:00 DEBUG 20128 --- [island-simulation] [] com.VasilevYuV.island.animals.Predator   : Wolf didn't eat, satiety decreased to: 5.719999999999998/12.0
2025-10-29T20:34:36.725+03:00 DEBUG 20128 --- [island-simulation] [] com.VasilevYuV.island.animals.Predator   : Wolf didn't eat, satiety decreased to: 4.2799999999999985/12.0
2025-10-29T20:34:36.726+03:00 DEBUG 20128 --- [island-simulation] [] com.VasilevYuV.island.animals.Predator   : Wolf didn't eat, satiety decreased to: 5.719999999999998/12.0
2025-10-29T20:34:36.726+03:00 DEBUG 20128 --- [island-simulation] [] com.VasilevYuV.island.animals.Predator   : Wolf didn't eat, satiety decreased to: 4.999999999999997/12.0
2025-10-29T20:34:36.726+03:00 DEBUG 20128 --- [island-simulation] [] com.VasilevYuV.island.animals.Predator   : Wolf didn't eat, satiety decreased to: 4.279999999999997/12.0
2025-10-29T20:34:36.727+03:00 DEBUG 20128 --- [island-simulation] [] com.VasilevYuV.island.animals.Predator   : Wolf didn't eat, satiety decreased to: 2.719999999999996/12.0
2025-10-29T20:34:36.727+03:00 DEBUG 20128 --- [island-simulation] [] com.VasilevYuV.island.animals.Predator   : Wolf didn't eat, satiety decreased to: 5.719999999999998/12.0
2025-10-29T20:34:36.727+03:00 DEBUG 20128 --- [island-simulation] [] com.VasilevYuV.island.animals.Predator   : Wolf didn't eat, satiety decreased to: 4.999999999999997/12.0
2025-10-29T20:34:36.730+03:00 DEBUG 20128 --- [island-simulation] [] com.VasilevYuV.island.animals.Predator   : Wolf didn't eat, satiety decreased to: 7.159999999999999/12.0
2025-10-29T20:34:37.719+03:00 DEBUG 20128 --- [island-simulation] [] com.VasilevYuV.island.animals.Predator   : Wolf didn't eat, satiety decreased to: 3.5599999999999983/12.0
2025-10-29T20:34:37.721+03:00 DEBUG 20128 --- [island-simulation] [pool-2-thread-1] c.V.island.service.SimulationEngine      : Turn 5 completed in 3 ms
2025-10-29T20:34:37.719+03:00 DEBUG 20128 --- [island-simulation] [] com.VasilevYuV.island.animals.Predator   : Wolf didn't eat, satiety decreased to: 4.999999999999997/12.0
2025-10-29T20:34:37.719+03:00 DEBUG 20128 --- [island-simulation] [] com.VasilevYuV.island.animals.Predator   : Wolf didn't eat, satiety decreased to: 4.2799999999999985/12.0
2025-10-29T20:34:37.721+03:00 DEBUG 20128 --- [island-simulation] [] com.VasilevYuV.island.animals.Predator   : Wolf moved randomly to [42,1]
2025-10-29T20:34:37.719+03:00 DEBUG 20128 --- [island-simulation] [] com.VasilevYuV.island.animals.Predator   : Wolf didn't eat, satiety decreased to: 4.999999999999997/12.0
2025-10-29T20:34:37.723+03:00 DEBUG 20128 --- [island-simulation] [] com.VasilevYuV.island.animals.Predator   : Wolf didn't eat, satiety decreased to: 4.879999999999997/12.0
2025-10-29T20:34:37.719+03:00 DEBUG 20128 --- [island-simulation] [] com.VasilevYuV.island.animals.Predator   : Wolf didn't eat, satiety decreased to: 4.999999999999997/12.0
2025-10-29T20:34:37.723+03:00 DEBUG 20128 --- [island-simulation] [] com.VasilevYuV.island.animals.Predator   : Wolf moved randomly to [13,8]
2025-10-29T20:34:37.724+03:00 DEBUG 20128 --- [island-simulation] [] com.VasilevYuV.island.animals.Predator   : Wolf moved randomly to [24,6]
2025-10-29T20:34:37.720+03:00 DEBUG 20128 --- [island-simulation] [] com.VasilevYuV.island.animals.Predator   : Wolf didn't eat, satiety decreased to: 1.8799999999999986/12.0
2025-10-29T20:34:37.720+03:00 DEBUG 20128 --- [island-simulation] [] com.VasilevYuV.island.animals.Predator   : Wolf moved randomly to [4,1]
2025-10-29T20:34:37.720+03:00 DEBUG 20128 --- [island-simulation] [] com.VasilevYuV.island.animals.Predator   : Wolf moved randomly to [47,2]
2025-10-29T20:34:37.725+03:00 DEBUG 20128 --- [island-simulation] [] com.VasilevYuV.island.animals.Predator   : Wolf didn't eat, satiety decreased to: 4.999999999999997/12.0
2025-10-29T20:34:37.721+03:00 DEBUG 20128 --- [island-simulation] [] com.VasilevYuV.island.animals.Predator   : Wolf moved randomly to [4,6]
2025-10-29T20:34:37.721+03:00 DEBUG 20128 --- [island-simulation] [] com.VasilevYuV.island.animals.Predator   : Wolf moved randomly to [44,5]
2025-10-29T20:34:37.721+03:00 DEBUG 20128 --- [island-simulation] [] com.VasilevYuV.island.animals.Predator   : Wolf moved randomly to [2,2]
2025-10-29T20:34:37.727+03:00 DEBUG 20128 --- [island-simulation] [] com.VasilevYuV.island.animals.Predator   : Wolf didn't eat, satiety decreased to: 4.159999999999997/12.0
2025-10-29T20:34:37.721+03:00 DEBUG 20128 --- [island-simulation] [] com.VasilevYuV.island.animals.Predator   : Wolf didn't eat, satiety decreased to: 1.399999999999996/12.0
2025-10-29T20:34:37.723+03:00 DEBUG 20128 --- [island-simulation] [] com.VasilevYuV.island.animals.Predator   : Wolf moved randomly to [45,5]
2025-10-29T20:34:37.723+03:00 DEBUG 20128 --- [island-simulation] [] com.VasilevYuV.island.animals.Predator   : Wolf moved randomly to [18,4]
2025-10-29T20:34:37.723+03:00 DEBUG 20128 --- [island-simulation] [] com.VasilevYuV.island.animals.Predator   : Wolf moved randomly to [9,2]
2025-10-29T20:34:37.723+03:00 DEBUG 20128 --- [island-simulation] [] com.VasilevYuV.island.animals.Predator   : Wolf moved randomly to [40,2]
2025-10-29T20:34:37.729+03:00 DEBUG 20128 --- [island-simulation] [] com.VasilevYuV.island.animals.Predator   : Wolf didn't eat, satiety decreased to: 0.6799999999999958/12.0
2025-10-29T20:34:37.723+03:00 DEBUG 20128 --- [island-simulation] [] com.VasilevYuV.island.animals.Predator   : Wolf moved randomly to [36,3]
2025-10-29T20:34:37.723+03:00 DEBUG 20128 --- [island-simulation] [] com.VasilevYuV.island.animals.Predator   : Wolf moved randomly to [9,2]
2025-10-29T20:34:37.730+03:00 DEBUG 20128 --- [island-simulation] [] com.VasilevYuV.island.animals.Predator   : Wolf didn't eat, satiety decreased to: 4.999999999999997/12.0
2025-10-29T20:34:37.723+03:00 DEBUG 20128 --- [island-simulation] [] com.VasilevYuV.island.animals.Predator   : Wolf moved randomly to [19,9]
2025-10-29T20:34:37.723+03:00 DEBUG 20128 --- [island-simulation] [] com.VasilevYuV.island.animals.Predator   : Wolf moved randomly to [6,3]
2025-10-29T20:34:37.724+03:00 DEBUG 20128 --- [island-simulation] [] com.VasilevYuV.island.animals.Predator   : Wolf didn't eat, satiety decreased to: 3.319999999999998/12.0
2025-10-29T20:34:37.724+03:00 DEBUG 20128 --- [island-simulation] [] com.VasilevYuV.island.animals.Predator   : Wolf moved randomly to [20,7]
2025-10-29T20:34:37.724+03:00 DEBUG 20128 --- [island-simulation] [] com.VasilevYuV.island.animals.Predator   : Wolf moved randomly to [23,5]
2025-10-29T20:34:37.724+03:00 DEBUG 20128 --- [island-simulation] [] com.VasilevYuV.island.animals.Predator   : Wolf didn't eat, satiety decreased to: 2.84/12.0
2025-10-29T20:34:37.724+03:00 DEBUG 20128 --- [island-simulation] [] com.VasilevYuV.island.animals.Predator   : Wolf didn't eat, satiety decreased to: 3.5599999999999965/12.0
2025-10-29T20:34:37.725+03:00 DEBUG 20128 --- [island-simulation] [] com.VasilevYuV.island.animals.Predator   : Wolf didn't eat, satiety decreased to: 4.279999999999997/12.0
2025-10-29T20:34:37.726+03:00 DEBUG 20128 --- [island-simulation] [] com.VasilevYuV.island.animals.Predator   : Wolf didn't eat, satiety decreased to: 3.5599999999999983/12.0
2025-10-29T20:34:37.727+03:00 DEBUG 20128 --- [island-simulation] [] com.VasilevYuV.island.animals.Predator   : Wolf didn't eat, satiety decreased to: 6.439999999999999/12.0
2025-10-29T20:34:37.728+03:00 DEBUG 20128 --- [island-simulation] [] com.VasilevYuV.island.animals.Predator   : Wolf didn't eat, satiety decreased to: 6.3199999999999985/12.0
2025-10-29T20:34:37.728+03:00 DEBUG 20128 --- [island-simulation] [] com.VasilevYuV.island.animals.Predator   : Wolf didn't eat, satiety decreased to: 4.2799999999999985/12.0
2025-10-29T20:34:37.729+03:00 DEBUG 20128 --- [island-simulation] [] com.VasilevYuV.island.animals.Predator   : Wolf didn't eat, satiety decreased to: 3.5599999999999983/12.0
2025-10-29T20:34:37.730+03:00 DEBUG 20128 --- [island-simulation] [] com.VasilevYuV.island.animals.Predator   : Wolf didn't eat, satiety decreased to: 4.999999999999997/12.0
2025-10-29T20:34:37.731+03:00 DEBUG 20128 --- [island-simulation] [] com.VasilevYuV.island.animals.Predator   : Wolf didn't eat, satiety decreased to: 4.999999999999997/12.0
2025-10-29T20:34:37.731+03:00 DEBUG 20128 --- [island-simulation] [] com.VasilevYuV.island.animals.Predator   : Wolf didn't eat, satiety decreased to: 4.279999999999997/12.0
2025-10-29T20:34:37.732+03:00 DEBUG 20128 --- [island-simulation] [] com.VasilevYuV.island.animals.Predator   : Wolf didn't eat, satiety decreased to: 6.439999999999999/12.0
2025-10-29T20:34:37.732+03:00 DEBUG 20128 --- [island-simulation] [] com.VasilevYuV.island.animals.Predator   : Wolf didn't eat, satiety decreased to: 4.279999999999997/12.0
2025-10-29T20:34:37.733+03:00 DEBUG 20128 --- [island-simulation] [] com.VasilevYuV.island.animals.Predator   : Wolf didn't eat, satiety decreased to: 1.8799999999999986/12.0
2025-10-29T20:34:37.737+03:00 DEBUG 20128 --- [island-simulation] [] com.VasilevYuV.island.animals.Predator   : Wolf moved randomly to [12,2]
2025-10-29T20:34:37.739+03:00 DEBUG 20128 --- [island-simulation] [] com.VasilevYuV.island.animals.Predator   : Wolf didn't eat, satiety decreased to: 2.839999999999998/12.0
2025-10-29T20:34:37.739+03:00 DEBUG 20128 --- [island-simulation] [] com.VasilevYuV.island.animals.Predator   : Wolf moved randomly to [18,7]
2025-10-29T20:34:37.740+03:00 DEBUG 20128 --- [island-simulation] [] com.VasilevYuV.island.animals.Predator   : Wolf moved randomly to [20,9]
2025-10-29T20:34:37.740+03:00 DEBUG 20128 --- [island-simulation] [] com.VasilevYuV.island.animals.Predator   : Wolf moved randomly to [16,5]
2025-10-29T20:34:37.740+03:00 DEBUG 20128 --- [island-simulation] [] com.VasilevYuV.island.animals.Predator   : Wolf didn't eat, satiety decreased to: 4.279999999999997/12.0
2025-10-29T20:34:37.740+03:00 DEBUG 20128 --- [island-simulation] [] com.VasilevYuV.island.animals.Predator   : Wolf didn't eat, satiety decreased to: 2.599999999999998/12.0
2025-10-29T20:34:37.741+03:00 DEBUG 20128 --- [island-simulation] [] com.VasilevYuV.island.animals.Predator   : Wolf didn't eat, satiety decreased to: 7.88/12.0
2025-10-29T20:34:38.718+03:00 DEBUG 20128 --- [island-simulation] [] com.VasilevYuV.island.animals.Predator   : Wolf didn't eat, satiety decreased to: 4.279999999999997/12.0
2025-10-29T20:34:38.718+03:00 DEBUG 20128 --- [island-simulation] [] com.VasilevYuV.island.animals.Predator   : Wolf didn't eat, satiety decreased to: 1.1599999999999984/12.0
2025-10-29T20:34:38.720+03:00 DEBUG 20128 --- [island-simulation] [] com.VasilevYuV.island.animals.Predator   : Wolf moved randomly to [16,8]
2025-10-29T20:34:38.720+03:00 DEBUG 20128 --- [island-simulation] [] com.VasilevYuV.island.animals.Predator   : Wolf moved randomly to [25,6]
2025-10-29T20:34:38.720+03:00 DEBUG 20128 --- [island-simulation] [] com.VasilevYuV.island.animals.Predator   : Wolf moved randomly to [8,1]
2025-10-29T20:34:38.721+03:00 DEBUG 20128 --- [island-simulation] [] com.VasilevYuV.island.animals.Predator   : Wolf moved randomly to [16,3]
2025-10-29T20:34:38.718+03:00 DEBUG 20128 --- [island-simulation] [] com.VasilevYuV.island.animals.Predator   : Wolf didn't eat, satiety decreased to: 2.8399999999999963/12.0
2025-10-29T20:34:38.721+03:00 DEBUG 20128 --- [island-simulation] [] com.VasilevYuV.island.animals.Predator   : Wolf didn't eat, satiety decreased to: 3.5599999999999983/12.0
2025-10-29T20:34:38.718+03:00 DEBUG 20128 --- [island-simulation] [] com.VasilevYuV.island.animals.Predator   : Wolf didn't eat, satiety decreased to: 2.119999999999998/12.0
2025-10-29T20:34:38.718+03:00 DEBUG 20128 --- [island-simulation] [] com.VasilevYuV.island.animals.Predator   : Wolf didn't eat, satiety decreased to: 1.1599999999999984/12.0
2025-10-29T20:34:38.718+03:00 DEBUG 20128 --- [island-simulation] [] com.VasilevYuV.island.animals.Predator   : Wolf didn't eat, satiety decreased to: 1.8799999999999977/12.0
2025-10-29T20:34:38.718+03:00 DEBUG 20128 --- [island-simulation] [] com.VasilevYuV.island.animals.Predator   : Wolf didn't eat, satiety decreased to: 1.9999999999999978/12.0
2025-10-29T20:34:38.718+03:00 DEBUG 20128 --- [island-simulation] [] com.VasilevYuV.island.animals.Predator   : Wolf moved randomly to [20,5]
2025-10-29T20:34:38.718+03:00 DEBUG 20128 --- [island-simulation] [] com.VasilevYuV.island.animals.Predator   : Wolf moved randomly to [17,6]
2025-10-29T20:34:38.718+03:00 DEBUG 20128 --- [island-simulation] [] com.VasilevYuV.island.animals.Predator   : Wolf moved randomly to [16,6]
2025-10-29T20:34:38.718+03:00 DEBUG 20128 --- [island-simulation] [] com.VasilevYuV.island.animals.Predator   : Wolf didn't eat, satiety decreased to: 4.999999999999999/12.0
2025-10-29T20:34:38.718+03:00 DEBUG 20128 --- [island-simulation] [] com.VasilevYuV.island.animals.Predator   : Wolf didn't eat, satiety decreased to: 5.719999999999998/12.0
2025-10-29T20:34:38.718+03:00 DEBUG 20128 --- [island-simulation] [] com.VasilevYuV.island.animals.Predator   : Wolf moved randomly to [8,8]
2025-10-29T20:34:38.719+03:00 DEBUG 20128 --- [island-simulation] [] com.VasilevYuV.island.animals.Predator   : Wolf didn't eat, satiety decreased to: 4.279999999999997/12.0
2025-10-29T20:34:38.719+03:00 DEBUG 20128 --- [island-simulation] [] com.VasilevYuV.island.animals.Predator   : Wolf moved randomly to [15,7]
2025-10-29T20:34:38.719+03:00 DEBUG 20128 --- [island-simulation] [] com.VasilevYuV.island.animals.Predator   : Wolf moved randomly to [45,2]
2025-10-29T20:34:38.719+03:00 DEBUG 20128 --- [island-simulation] [] com.VasilevYuV.island.animals.Predator   : Wolf moved randomly to [46,8]
2025-10-29T20:34:38.719+03:00 DEBUG 20128 --- [island-simulation] [] com.VasilevYuV.island.animals.Predator   : Wolf moved randomly to [1,2]
2025-10-29T20:34:38.719+03:00 DEBUG 20128 --- [island-simulation] [] com.VasilevYuV.island.animals.Predator   : Wolf moved randomly to [16,9]
2025-10-29T20:34:38.727+03:00 DEBUG 20128 --- [island-simulation] [] com.VasilevYuV.island.animals.Predator   : Wolf didn't eat, satiety decreased to: 0.4399999999999983/12.0
2025-10-29T20:34:38.719+03:00 DEBUG 20128 --- [island-simulation] [] com.VasilevYuV.island.animals.Predator   : Wolf moved randomly to [19,7]
2025-10-29T20:34:38.719+03:00 DEBUG 20128 --- [island-simulation] [pool-2-thread-1] c.V.island.service.SimulationEngine      : Turn 6 completed in 2 ms
2025-10-29T20:34:38.719+03:00 DEBUG 20128 --- [island-simulation] [] com.VasilevYuV.island.animals.Predator   : Wolf moved randomly to [43,1]
2025-10-29T20:34:38.719+03:00 DEBUG 20128 --- [island-simulation] [] com.VasilevYuV.island.animals.Predator   : Wolf moved randomly to [6,5]
2025-10-29T20:34:38.719+03:00 DEBUG 20128 --- [island-simulation] [] com.VasilevYuV.island.animals.Predator   : Wolf moved randomly to [11,7]
2025-10-29T20:34:38.719+03:00 DEBUG 20128 --- [island-simulation] [] com.VasilevYuV.island.animals.Predator   : Wolf didn't eat, satiety decreased to: 0.0/12.0
2025-10-29T20:34:38.719+03:00 DEBUG 20128 --- [island-simulation] [] com.VasilevYuV.island.animals.Predator   : Wolf moved randomly to [11,2]
2025-10-29T20:34:38.720+03:00 DEBUG 20128 --- [island-simulation] [] com.VasilevYuV.island.animals.Predator   : Wolf moved randomly to [20,6]
2025-10-29T20:34:38.720+03:00 DEBUG 20128 --- [island-simulation] [] com.VasilevYuV.island.animals.Predator   : Wolf moved randomly to [9,1]
2025-10-29T20:34:38.720+03:00 DEBUG 20128 --- [island-simulation] [] com.VasilevYuV.island.animals.Predator   : Wolf moved randomly to [14,6]
2025-10-29T20:34:38.720+03:00 DEBUG 20128 --- [island-simulation] [] com.VasilevYuV.island.animals.Predator   : Wolf moved randomly to [18,6]
2025-10-29T20:34:38.720+03:00 DEBUG 20128 --- [island-simulation] [] com.VasilevYuV.island.animals.Predator   : Wolf moved randomly to [23,0]
2025-10-29T20:34:38.720+03:00 DEBUG 20128 --- [island-simulation] [] com.VasilevYuV.island.animals.Predator   : Wolf moved randomly to [12,4]
2025-10-29T20:34:38.720+03:00 DEBUG 20128 --- [island-simulation] [] com.VasilevYuV.island.animals.Predator   : Wolf didn't eat, satiety decreased to: 7.159999999999999/12.0
2025-10-29T20:34:38.720+03:00 DEBUG 20128 --- [island-simulation] [] com.VasilevYuV.island.animals.Predator   : Wolf didn't eat, satiety decreased to: 2.8399999999999963/12.0
2025-10-29T20:34:38.721+03:00 DEBUG 20128 --- [island-simulation] [] com.VasilevYuV.island.animals.Predator   : Wolf didn't eat, satiety decreased to: 1.8799999999999977/12.0
2025-10-29T20:34:38.723+03:00 DEBUG 20128 --- [island-simulation] [] com.VasilevYuV.island.animals.Predator   : Wolf didn't eat, satiety decreased to: 5.599999999999998/12.0
2025-10-29T20:34:38.724+03:00 DEBUG 20128 --- [island-simulation] [] com.VasilevYuV.island.animals.Predator   : Wolf didn't eat, satiety decreased to: 7.039999999999999/12.0
2025-10-29T20:34:38.724+03:00 DEBUG 20128 --- [island-simulation] [] com.VasilevYuV.island.animals.Predator   : Wolf didn't eat, satiety decreased to: 1.1599999999999975/12.0
2025-10-29T20:34:38.726+03:00 DEBUG 20128 --- [island-simulation] [] com.VasilevYuV.island.animals.Predator   : Wolf didn't eat, satiety decreased to: 2.839999999999998/12.0
2025-10-29T20:34:38.726+03:00 DEBUG 20128 --- [island-simulation] [] com.VasilevYuV.island.animals.Predator   : Wolf didn't eat, satiety decreased to: 0.5599999999999975/12.0
2025-10-29T20:34:38.727+03:00 DEBUG 20128 --- [island-simulation] [] com.VasilevYuV.island.animals.Predator   : Wolf didn't eat, satiety decreased to: 4.279999999999997/12.0
2025-10-29T20:34:38.727+03:00 DEBUG 20128 --- [island-simulation] [] com.VasilevYuV.island.animals.Predator   : Wolf didn't eat, satiety decreased to: 3.5599999999999983/12.0
2025-10-29T20:34:38.727+03:00 DEBUG 20128 --- [island-simulation] [] com.VasilevYuV.island.animals.Predator   : Wolf didn't eat, satiety decreased to: 3.5599999999999974/12.0
2025-10-29T20:34:38.728+03:00 DEBUG 20128 --- [island-simulation] [] com.VasilevYuV.island.animals.Predator   : Wolf didn't eat, satiety decreased to: 1.0399999999999974/12.0
2025-10-29T20:34:38.729+03:00 DEBUG 20128 --- [island-simulation] [] com.VasilevYuV.island.animals.Predator   : Wolf didn't eat, satiety decreased to: 0.0/12.0
2025-10-29T20:34:38.729+03:00 DEBUG 20128 --- [island-simulation] [] com.VasilevYuV.island.animals.Predator   : Wolf didn't eat, satiety decreased to: 2.839999999999998/12.0
2025-10-29T20:34:38.730+03:00 DEBUG 20128 --- [island-simulation] [] com.VasilevYuV.island.animals.Predator   : Wolf didn't eat, satiety decreased to: 2.719999999999998/12.0
2025-10-29T20:34:38.730+03:00 DEBUG 20128 --- [island-simulation] [] com.VasilevYuV.island.animals.Predator   : Wolf died from hunger
2025-10-29T20:34:38.731+03:00 DEBUG 20128 --- [island-simulation] [] com.VasilevYuV.island.animals.Predator   : Wolf didn't eat, satiety decreased to: 4.279999999999997/12.0
2025-10-29T20:34:38.731+03:00 DEBUG 20128 --- [island-simulation] [] com.VasilevYuV.island.animals.Predator   : Wolf didn't eat, satiety decreased to: 4.879999999999998/12.0
2025-10-29T20:34:38.732+03:00 DEBUG 20128 --- [island-simulation] [] com.VasilevYuV.island.animals.Predator   : Wolf didn't eat, satiety decreased to: 3.5599999999999965/12.0
2025-10-29T20:34:38.732+03:00 DEBUG 20128 --- [island-simulation] [] com.VasilevYuV.island.animals.Predator   : Wolf didn't eat, satiety decreased to: 2.1199999999999997/12.0
2025-10-29T20:34:38.732+03:00 DEBUG 20128 --- [island-simulation] [] com.VasilevYuV.island.animals.Predator   : Wolf didn't eat, satiety decreased to: 3.5599999999999965/12.0
2025-10-29T20:34:38.733+03:00 DEBUG 20128 --- [island-simulation] [] com.VasilevYuV.island.animals.Predator   : Wolf didn't eat, satiety decreased to: 0.4399999999999983/12.0
2025-10-29T20:34:38.733+03:00 DEBUG 20128 --- [island-simulation] [] com.VasilevYuV.island.animals.Predator   : Wolf didn't eat, satiety decreased to: 4.159999999999997/12.0
2025-10-29T20:34:38.734+03:00 DEBUG 20128 --- [island-simulation] [] com.VasilevYuV.island.animals.Predator   : Wolf didn't eat, satiety decreased to: 3.5599999999999965/12.0
2025-10-29T20:34:38.736+03:00 DEBUG 20128 --- [island-simulation] [] com.VasilevYuV.island.animals.Predator   : Wolf died from hunger
2025-10-29T20:34:38.737+03:00 DEBUG 20128 --- [island-simulation] [] com.VasilevYuV.island.animals.Predator   : Wolf moved randomly to [14,7]
2025-10-29T20:34:38.737+03:00 DEBUG 20128 --- [island-simulation] [] com.VasilevYuV.island.animals.Predator   : Wolf died from hunger
2025-10-29T20:34:38.743+03:00 DEBUG 20128 --- [island-simulation] [] com.VasilevYuV.island.animals.Predator   : Wolf didn't eat, satiety decreased to: 5.72/12.0
2025-10-29T20:34:38.743+03:00 DEBUG 20128 --- [island-simulation] [] com.VasilevYuV.island.animals.Predator   : Wolf moved randomly to [27,2]
2025-10-29T20:34:38.744+03:00 DEBUG 20128 --- [island-simulation] [] com.VasilevYuV.island.animals.Predator   : Wolf didn't eat, satiety decreased to: 2.119999999999996/12.0
2025-10-29T20:34:39.719+03:00 DEBUG 20128 --- [island-simulation] [] com.VasilevYuV.island.animals.Predator   : Wolf didn't eat, satiety decreased to: 4.999999999999999/12.0
2025-10-29T20:34:39.719+03:00 DEBUG 20128 --- [island-simulation] [] com.VasilevYuV.island.animals.Predator   : Wolf didn't eat, satiety decreased to: 1.399999999999996/12.0
2025-10-29T20:34:39.720+03:00 DEBUG 20128 --- [island-simulation] [] com.VasilevYuV.island.animals.Predator   : Wolf didn't eat, satiety decreased to: 1.3999999999999977/12.0
2025-10-29T20:34:39.720+03:00 DEBUG 20128 --- [island-simulation] [] com.VasilevYuV.island.animals.Predator   : Wolf didn't eat, satiety decreased to: 2.119999999999998/12.0
2025-10-29T20:34:39.721+03:00 DEBUG 20128 --- [island-simulation] [] com.VasilevYuV.island.animals.Predator   : Wolf moved randomly to [25,8]
2025-10-29T20:34:39.720+03:00 DEBUG 20128 --- [island-simulation] [] com.VasilevYuV.island.animals.Predator   : Wolf didn't eat, satiety decreased to: 2.119999999999996/12.0
2025-10-29T20:34:39.722+03:00 DEBUG 20128 --- [island-simulation] [] com.VasilevYuV.island.animals.Predator   : Wolf didn't eat, satiety decreased to: 2.8399999999999963/12.0
2025-10-29T20:34:39.720+03:00 DEBUG 20128 --- [island-simulation] [] com.VasilevYuV.island.animals.Predator   : Wolf moved randomly to [20,6]
2025-10-29T20:34:39.720+03:00 DEBUG 20128 --- [island-simulation] [] com.VasilevYuV.island.animals.Predator   : Wolf moved randomly to [14,1]
2025-10-29T20:34:39.720+03:00 DEBUG 20128 --- [island-simulation] [] com.VasilevYuV.island.animals.Predator   : Wolf moved randomly to [38,1]
2025-10-29T20:34:39.722+03:00 DEBUG 20128 --- [island-simulation] [] com.VasilevYuV.island.animals.Predator   : Wolf didn't eat, satiety decreased to: 2.839999999999998/12.0
2025-10-29T20:34:39.720+03:00 DEBUG 20128 --- [island-simulation] [] com.VasilevYuV.island.animals.Predator   : Wolf moved randomly to [25,9]
2025-10-29T20:34:39.720+03:00 DEBUG 20128 --- [island-simulation] [] com.VasilevYuV.island.animals.Predator   : Wolf didn't eat, satiety decreased to: 4.2799999999999985/12.0
2025-10-29T20:34:39.720+03:00 DEBUG 20128 --- [island-simulation] [] com.VasilevYuV.island.animals.Predator   : Wolf didn't eat, satiety decreased to: 3.5599999999999965/12.0
2025-10-29T20:34:39.720+03:00 DEBUG 20128 --- [island-simulation] [] com.VasilevYuV.island.animals.Predator   : Wolf moved randomly to [22,8]
2025-10-29T20:34:39.720+03:00 DEBUG 20128 --- [island-simulation] [] com.VasilevYuV.island.animals.Predator   : Wolf moved randomly to [13,1]
2025-10-29T20:34:39.720+03:00 DEBUG 20128 --- [island-simulation] [pool-2-thread-1] c.V.island.service.SimulationEngine      : Turn 7 completed in 1 ms
2025-10-29T20:34:39.721+03:00 DEBUG 20128 --- [island-simulation] [] com.VasilevYuV.island.animals.Predator   : Wolf didn't eat, satiety decreased to: 2.839999999999997/12.0
2025-10-29T20:34:39.721+03:00 DEBUG 20128 --- [island-simulation] [] com.VasilevYuV.island.animals.Predator   : Wolf moved randomly to [20,6]
2025-10-29T20:34:39.721+03:00 DEBUG 20128 --- [island-simulation] [] com.VasilevYuV.island.animals.Predator   : Wolf moved randomly to [12,1]
2025-10-29T20:34:39.721+03:00 DEBUG 20128 --- [island-simulation] [] com.VasilevYuV.island.animals.Predator   : Wolf didn't eat, satiety decreased to: 2.8399999999999963/12.0
2025-10-29T20:34:39.721+03:00 DEBUG 20128 --- [island-simulation] [] com.VasilevYuV.island.animals.Predator   : Wolf moved randomly to [47,7]
2025-10-29T20:34:39.721+03:00 DEBUG 20128 --- [island-simulation] [] com.VasilevYuV.island.animals.Predator   : Wolf moved randomly to [15,3]
2025-10-29T20:34:39.722+03:00 DEBUG 20128 --- [island-simulation] [] com.VasilevYuV.island.animals.Predator   : Wolf didn't eat, satiety decreased to: 2.8399999999999963/12.0
2025-10-29T20:34:39.722+03:00 DEBUG 20128 --- [island-simulation] [] com.VasilevYuV.island.animals.Predator   : Wolf didn't eat, satiety decreased to: 3.5599999999999965/12.0
2025-10-29T20:34:39.723+03:00 DEBUG 20128 --- [island-simulation] [] com.VasilevYuV.island.animals.Predator   : Wolf didn't eat, satiety decreased to: 0.6799999999999958/12.0
2025-10-29T20:34:39.723+03:00 DEBUG 20128 --- [island-simulation] [] com.VasilevYuV.island.animals.Predator   : Wolf didn't eat, satiety decreased to: 3.5599999999999974/12.0
2025-10-29T20:34:39.724+03:00 DEBUG 20128 --- [island-simulation] [] com.VasilevYuV.island.animals.Predator   : Wolf didn't eat, satiety decreased to: 1.3999999999999995/12.0
2025-10-29T20:34:39.725+03:00 DEBUG 20128 --- [island-simulation] [] com.VasilevYuV.island.animals.Predator   : Wolf didn't eat, satiety decreased to: 2.719999999999996/12.0
2025-10-29T20:34:39.725+03:00 DEBUG 20128 --- [island-simulation] [] com.VasilevYuV.island.animals.Predator   : Wolf didn't eat, satiety decreased to: 1.2799999999999994/12.0
2025-10-29T20:34:39.725+03:00 DEBUG 20128 --- [island-simulation] [] com.VasilevYuV.island.animals.Predator   : Wolf didn't eat, satiety decreased to: 2.839999999999998/12.0
2025-10-29T20:34:39.725+03:00 DEBUG 20128 --- [island-simulation] [] com.VasilevYuV.island.animals.Predator   : Wolf didn't eat, satiety decreased to: 2.8399999999999963/12.0
2025-10-29T20:34:39.726+03:00 DEBUG 20128 --- [island-simulation] [] com.VasilevYuV.island.animals.Predator   : Wolf didn't eat, satiety decreased to: 0.0/12.0
2025-10-29T20:34:39.725+03:00 DEBUG 20128 --- [island-simulation] [] com.VasilevYuV.island.animals.Predator   : Wolf moved randomly to [12,3]
2025-10-29T20:34:39.726+03:00 DEBUG 20128 --- [island-simulation] [] com.VasilevYuV.island.animals.Predator   : Wolf moved randomly to [18,9]
2025-10-29T20:34:39.727+03:00 DEBUG 20128 --- [island-simulation] [] com.VasilevYuV.island.animals.Predator   : Wolf died from hunger
2025-10-29T20:34:39.727+03:00 DEBUG 20128 --- [island-simulation] [] com.VasilevYuV.island.animals.Predator   : Wolf didn't eat, satiety decreased to: 3.5599999999999965/12.0
2025-10-29T20:34:39.727+03:00 DEBUG 20128 --- [island-simulation] [] com.VasilevYuV.island.animals.Predator   : Wolf didn't eat, satiety decreased to: 2.839999999999997/12.0
2025-10-29T20:34:39.727+03:00 DEBUG 20128 --- [island-simulation] [] com.VasilevYuV.island.animals.Predator   : Wolf moved randomly to [14,5]
2025-10-29T20:34:39.728+03:00 DEBUG 20128 --- [island-simulation] [] com.VasilevYuV.island.animals.Predator   : Wolf didn't eat, satiety decreased to: 4.2799999999999985/12.0
2025-10-29T20:34:40.719+03:00 DEBUG 20128 --- [island-simulation] [] com.VasilevYuV.island.animals.Predator   : Wolf didn't eat, satiety decreased to: 1.3999999999999977/12.0
2025-10-29T20:34:40.719+03:00 DEBUG 20128 --- [island-simulation] [] com.VasilevYuV.island.animals.Predator   : Wolf didn't eat, satiety decreased to: 2.8399999999999963/12.0
2025-10-29T20:34:40.721+03:00 DEBUG 20128 --- [island-simulation] [] com.VasilevYuV.island.animals.Predator   : Wolf didn't eat, satiety decreased to: 3.5599999999999983/12.0
2025-10-29T20:34:40.719+03:00 DEBUG 20128 --- [island-simulation] [] com.VasilevYuV.island.animals.Predator   : Wolf didn't eat, satiety decreased to: 2.119999999999997/12.0
2025-10-29T20:34:40.719+03:00 DEBUG 20128 --- [island-simulation] [] com.VasilevYuV.island.animals.Predator   : Wolf didn't eat, satiety decreased to: 0.6799999999999976/12.0
2025-10-29T20:34:40.719+03:00 DEBUG 20128 --- [island-simulation] [] com.VasilevYuV.island.animals.Predator   : Wolf moved randomly to [13,3]
2025-10-29T20:34:40.719+03:00 DEBUG 20128 --- [island-simulation] [] com.VasilevYuV.island.animals.Predator   : Wolf didn't eat, satiety decreased to: 2.119999999999998/12.0
2025-10-29T20:34:40.719+03:00 DEBUG 20128 --- [island-simulation] [] com.VasilevYuV.island.animals.Predator   : Wolf didn't eat, satiety decreased to: 2.119999999999997/12.0
2025-10-29T20:34:40.719+03:00 DEBUG 20128 --- [island-simulation] [] com.VasilevYuV.island.animals.Predator   : Wolf moved randomly to [12,2]
2025-10-29T20:34:40.719+03:00 DEBUG 20128 --- [island-simulation] [] com.VasilevYuV.island.animals.Predator   : Wolf moved randomly to [13,2]
2025-10-29T20:34:40.722+03:00 DEBUG 20128 --- [island-simulation] [] com.VasilevYuV.island.animals.Predator   : Wolf didn't eat, satiety decreased to: 3.439999999999998/12.0
2025-10-29T20:34:40.719+03:00 DEBUG 20128 --- [island-simulation] [] com.VasilevYuV.island.animals.Predator   : Wolf didn't eat, satiety decreased to: 0.0/12.0
2025-10-29T20:34:40.719+03:00 DEBUG 20128 --- [island-simulation] [] com.VasilevYuV.island.animals.Predator   : Wolf moved randomly to [37,1]
2025-10-29T20:34:40.720+03:00 DEBUG 20128 --- [island-simulation] [] com.VasilevYuV.island.animals.Predator   : Wolf moved randomly to [8,2]
2025-10-29T20:34:40.720+03:00 DEBUG 20128 --- [island-simulation] [] com.VasilevYuV.island.animals.Predator   : Wolf moved randomly to [27,4]
2025-10-29T20:34:40.724+03:00 DEBUG 20128 --- [island-simulation] [] com.VasilevYuV.island.animals.Predator   : Wolf didn't eat, satiety decreased to: 2.119999999999996/12.0
2025-10-29T20:34:40.720+03:00 DEBUG 20128 --- [island-simulation] [] com.VasilevYuV.island.animals.Predator   : Wolf moved randomly to [14,0]
2025-10-29T20:34:40.720+03:00 DEBUG 20128 --- [island-simulation] [] com.VasilevYuV.island.animals.Predator   : Wolf moved randomly to [12,1]
2025-10-29T20:34:40.724+03:00 DEBUG 20128 --- [island-simulation] [] com.VasilevYuV.island.animals.Predator   : Wolf didn't eat, satiety decreased to: 2.599999999999998/12.0
2025-10-29T20:34:40.720+03:00 DEBUG 20128 --- [island-simulation] [] com.VasilevYuV.island.animals.Predator   : Wolf moved randomly to [18,8]
2025-10-29T20:34:40.720+03:00 DEBUG 20128 --- [island-simulation] [] com.VasilevYuV.island.animals.Predator   : Wolf moved randomly to [43,0]
2025-10-29T20:34:40.725+03:00 DEBUG 20128 --- [island-simulation] [] com.VasilevYuV.island.animals.Predator   : Wolf didn't eat, satiety decreased to: 2.8399999999999963/12.0
2025-10-29T20:34:40.720+03:00 DEBUG 20128 --- [island-simulation] [] com.VasilevYuV.island.animals.Predator   : Wolf moved randomly to [48,1]
2025-10-29T20:34:40.720+03:00 DEBUG 20128 --- [island-simulation] [] com.VasilevYuV.island.animals.Predator   : Wolf moved randomly to [17,4]
2025-10-29T20:34:40.720+03:00 DEBUG 20128 --- [island-simulation] [] com.VasilevYuV.island.animals.Predator   : Wolf moved randomly to [18,4]
2025-10-29T20:34:40.720+03:00 DEBUG 20128 --- [island-simulation] [] com.VasilevYuV.island.animals.Predator   : Wolf moved randomly to [0,0]
2025-10-29T20:34:40.720+03:00 DEBUG 20128 --- [island-simulation] [] com.VasilevYuV.island.animals.Predator   : Wolf didn't eat, satiety decreased to: 2.8399999999999963/12.0
2025-10-29T20:34:40.720+03:00 DEBUG 20128 --- [island-simulation] [] com.VasilevYuV.island.animals.Predator   : Wolf moved randomly to [47,7]
2025-10-29T20:34:40.726+03:00 DEBUG 20128 --- [island-simulation] [] com.VasilevYuV.island.animals.Predator   : Wolf didn't eat, satiety decreased to: 2.119999999999998/12.0
2025-10-29T20:34:40.720+03:00 DEBUG 20128 --- [island-simulation] [] com.VasilevYuV.island.animals.Predator   : Wolf moved randomly to [38,0]
2025-10-29T20:34:40.720+03:00 DEBUG 20128 --- [island-simulation] [] com.VasilevYuV.island.animals.Predator   : Wolf moved randomly to [11,3]
2025-10-29T20:34:40.727+03:00 DEBUG 20128 --- [island-simulation] [] com.VasilevYuV.island.animals.Predator   : Wolf didn't eat, satiety decreased to: 1.999999999999996/12.0
2025-10-29T20:34:40.720+03:00 DEBUG 20128 --- [island-simulation] [] com.VasilevYuV.island.animals.Predator   : Wolf didn't eat, satiety decreased to: 2.119999999999996/12.0
2025-10-29T20:34:40.721+03:00 DEBUG 20128 --- [island-simulation] [] com.VasilevYuV.island.animals.Predator   : Wolf moved randomly to [18,8]
2025-10-29T20:34:40.721+03:00 DEBUG 20128 --- [island-simulation] [pool-2-thread-1] c.V.island.service.SimulationEngine      : Turn 8 completed in 3 ms
2025-10-29T20:34:40.721+03:00 DEBUG 20128 --- [island-simulation] [] com.VasilevYuV.island.animals.Predator   : Wolf moved randomly to [3,2]
2025-10-29T20:34:40.722+03:00 DEBUG 20128 --- [island-simulation] [] com.VasilevYuV.island.animals.Predator   : Wolf didn't eat, satiety decreased to: 3.5599999999999983/12.0
2025-10-29T20:34:40.722+03:00 DEBUG 20128 --- [island-simulation] [] com.VasilevYuV.island.animals.Predator   : Wolf didn't eat, satiety decreased to: 1.3999999999999968/12.0
2025-10-29T20:34:40.723+03:00 DEBUG 20128 --- [island-simulation] [] com.VasilevYuV.island.animals.Predator   : Wolf didn't eat, satiety decreased to: 1.3999999999999977/12.0
2025-10-29T20:34:40.723+03:00 DEBUG 20128 --- [island-simulation] [] com.VasilevYuV.island.animals.Predator   : Wolf moved randomly to [14,6]
2025-10-29T20:34:40.723+03:00 DEBUG 20128 --- [island-simulation] [] com.VasilevYuV.island.animals.Predator   : Wolf died from hunger
2025-10-29T20:34:40.723+03:00 DEBUG 20128 --- [island-simulation] [] com.VasilevYuV.island.animals.Predator   : Wolf didn't eat, satiety decreased to: 2.719999999999996/12.0
2025-10-29T20:34:40.729+03:00 DEBUG 20128 --- [island-simulation] [] com.VasilevYuV.island.animals.Predator   : Wolf didn't eat, satiety decreased to: 2.119999999999996/12.0
2025-10-29T20:34:40.724+03:00 DEBUG 20128 --- [island-simulation] [] com.VasilevYuV.island.animals.Predator   : Wolf didn't eat, satiety decreased to: 0.0/12.0
2025-10-29T20:34:40.724+03:00 DEBUG 20128 --- [island-simulation] [] com.VasilevYuV.island.animals.Predator   : Wolf didn't eat, satiety decreased to: 2.719999999999998/12.0
2025-10-29T20:34:40.725+03:00 DEBUG 20128 --- [island-simulation] [] com.VasilevYuV.island.animals.Predator   : Wolf didn't eat, satiety decreased to: 1.3999999999999968/12.0
2025-10-29T20:34:40.725+03:00 DEBUG 20128 --- [island-simulation] [] com.VasilevYuV.island.animals.Predator   : Wolf didn't eat, satiety decreased to: 2.839999999999998/12.0
2025-10-29T20:34:40.726+03:00 DEBUG 20128 --- [island-simulation] [] com.VasilevYuV.island.animals.Predator   : Wolf didn't eat, satiety decreased to: 1.399999999999996/12.0
2025-10-29T20:34:40.726+03:00 DEBUG 20128 --- [island-simulation] [] com.VasilevYuV.island.animals.Predator   : Wolf didn't eat, satiety decreased to: 1.2799999999999958/12.0
2025-10-29T20:34:40.726+03:00 DEBUG 20128 --- [island-simulation] [] com.VasilevYuV.island.animals.Predator   : Wolf didn't eat, satiety decreased to: 1.399999999999996/12.0
2025-10-29T20:34:40.727+03:00 DEBUG 20128 --- [island-simulation] [] com.VasilevYuV.island.animals.Predator   : Wolf didn't eat, satiety decreased to: 2.119999999999996/12.0
2025-10-29T20:34:40.727+03:00 DEBUG 20128 --- [island-simulation] [] com.VasilevYuV.island.animals.Predator   : Wolf didn't eat, satiety decreased to: 1.2799999999999967/12.0
2025-10-29T20:34:40.728+03:00 DEBUG 20128 --- [island-simulation] [] com.VasilevYuV.island.animals.Predator   : Wolf didn't eat, satiety decreased to: 0.6799999999999976/12.0
2025-10-29T20:34:40.730+03:00 DEBUG 20128 --- [island-simulation] [] com.VasilevYuV.island.animals.Predator   : Wolf died from hunger
2025-10-29T20:34:41.730+03:00 DEBUG 20128 --- [island-simulation] [] com.VasilevYuV.island.animals.Predator   : Wolf didn't eat, satiety decreased to: 1.2799999999999976/12.0
2025-10-29T20:34:41.730+03:00 DEBUG 20128 --- [island-simulation] [] com.VasilevYuV.island.animals.Predator   : Wolf moved randomly to [45,1]
2025-10-29T20:34:41.730+03:00 DEBUG 20128 --- [island-simulation] [] com.VasilevYuV.island.animals.Predator   : Wolf moved randomly to [48,0]
2025-10-29T20:34:41.718+03:00 DEBUG 20128 --- [island-simulation] [] com.VasilevYuV.island.animals.Predator   : Wolf didn't eat, satiety decreased to: 0.6799999999999976/12.0
2025-10-29T20:34:41.731+03:00 DEBUG 20128 --- [island-simulation] [] com.VasilevYuV.island.animals.Predator   : Wolf didn't eat, satiety decreased to: 2.119999999999998/12.0
2025-10-29T20:34:41.718+03:00 DEBUG 20128 --- [island-simulation] [] com.VasilevYuV.island.animals.Predator   : Wolf didn't eat, satiety decreased to: 1.3999999999999977/12.0
2025-10-29T20:34:41.719+03:00 DEBUG 20128 --- [island-simulation] [] com.VasilevYuV.island.animals.Predator   : Wolf didn't eat, satiety decreased to: 0.0/12.0
2025-10-29T20:34:41.719+03:00 DEBUG 20128 --- [island-simulation] [] com.VasilevYuV.island.animals.Predator   : Wolf didn't eat, satiety decreased to: 1.399999999999996/12.0
2025-10-29T20:34:41.729+03:00 DEBUG 20128 --- [island-simulation] [] com.VasilevYuV.island.animals.Predator   : Wolf didn't eat, satiety decreased to: 0.6799999999999976/12.0
2025-10-29T20:34:41.729+03:00 DEBUG 20128 --- [island-simulation] [] com.VasilevYuV.island.animals.Predator   : Wolf didn't eat, satiety decreased to: 0.0/12.0
2025-10-29T20:34:41.733+03:00 DEBUG 20128 --- [island-simulation] [] com.VasilevYuV.island.animals.Predator   : Wolf died from hunger
2025-10-29T20:34:41.730+03:00 DEBUG 20128 --- [island-simulation] [] com.VasilevYuV.island.animals.Predator   : Wolf didn't eat, satiety decreased to: 1.399999999999996/12.0
2025-10-29T20:34:41.730+03:00 DEBUG 20128 --- [island-simulation] [] com.VasilevYuV.island.animals.Predator   : Wolf moved randomly to [41,3]
2025-10-29T20:34:41.730+03:00 DEBUG 20128 --- [island-simulation] [] com.VasilevYuV.island.animals.Predator   : Wolf didn't eat, satiety decreased to: 0.6799999999999967/12.0
2025-10-29T20:34:41.730+03:00 DEBUG 20128 --- [island-simulation] [] com.VasilevYuV.island.animals.Predator   : Wolf moved randomly to [2,3]
2025-10-29T20:34:41.730+03:00 DEBUG 20128 --- [island-simulation] [] com.VasilevYuV.island.animals.Predator   : Wolf moved randomly to [16,9]
2025-10-29T20:34:41.730+03:00 DEBUG 20128 --- [island-simulation] [] com.VasilevYuV.island.animals.Predator   : Wolf didn't eat, satiety decreased to: 0.6799999999999958/12.0
2025-10-29T20:34:41.730+03:00 DEBUG 20128 --- [island-simulation] [] com.VasilevYuV.island.animals.Predator   : Wolf moved randomly to [16,6]
2025-10-29T20:34:41.730+03:00 DEBUG 20128 --- [island-simulation] [] com.VasilevYuV.island.animals.Predator   : Wolf moved randomly to [10,2]
2025-10-29T20:34:41.735+03:00 DEBUG 20128 --- [island-simulation] [] com.VasilevYuV.island.animals.Predator   : Wolf didn't eat, satiety decreased to: 0.0/12.0
2025-10-29T20:34:41.731+03:00 DEBUG 20128 --- [island-simulation] [] com.VasilevYuV.island.animals.Predator   : Wolf didn't eat, satiety decreased to: 2.119999999999996/12.0
2025-10-29T20:34:41.731+03:00 DEBUG 20128 --- [island-simulation] [] com.VasilevYuV.island.animals.Predator   : Wolf moved randomly to [13,3]
2025-10-29T20:34:41.731+03:00 DEBUG 20128 --- [island-simulation] [] com.VasilevYuV.island.animals.Predator   : Wolf moved randomly to [18,4]
2025-10-29T20:34:41.735+03:00 DEBUG 20128 --- [island-simulation] [] com.VasilevYuV.island.animals.Predator   : Wolf didn't eat, satiety decreased to: 1.399999999999996/12.0
2025-10-29T20:34:41.731+03:00 DEBUG 20128 --- [island-simulation] [] com.VasilevYuV.island.animals.Predator   : Wolf moved randomly to [17,9]
2025-10-29T20:34:41.731+03:00 DEBUG 20128 --- [island-simulation] [pool-2-thread-1] c.V.island.service.SimulationEngine      : Turn 9 completed in 13 ms
2025-10-29T20:34:41.732+03:00 DEBUG 20128 --- [island-simulation] [] com.VasilevYuV.island.animals.Predator   : Wolf didn't eat, satiety decreased to: 0.0/12.0
2025-10-29T20:34:41.736+03:00 DEBUG 20128 --- [island-simulation] [] com.VasilevYuV.island.animals.Predator   : Wolf died from hunger
2025-10-29T20:34:41.732+03:00 DEBUG 20128 --- [island-simulation] [] com.VasilevYuV.island.animals.Predator   : Wolf didn't eat, satiety decreased to: 1.999999999999996/12.0
2025-10-29T20:34:41.732+03:00 DEBUG 20128 --- [island-simulation] [] com.VasilevYuV.island.animals.Predator   : Wolf moved randomly to [48,1]
2025-10-29T20:34:41.736+03:00 DEBUG 20128 --- [island-simulation] [] com.VasilevYuV.island.animals.Predator   : Wolf didn't eat, satiety decreased to: 0.6799999999999958/12.0
2025-10-29T20:34:41.732+03:00 DEBUG 20128 --- [island-simulation] [] com.VasilevYuV.island.animals.Predator   : Wolf died from hunger
2025-10-29T20:34:41.733+03:00 DEBUG 20128 --- [island-simulation] [] com.VasilevYuV.island.animals.Predator   : Wolf didn't eat, satiety decreased to: 0.6799999999999958/12.0
2025-10-29T20:34:41.734+03:00 DEBUG 20128 --- [island-simulation] [] com.VasilevYuV.island.animals.Predator   : Wolf didn't eat, satiety decreased to: 0.0/12.0
2025-10-29T20:34:41.734+03:00 DEBUG 20128 --- [island-simulation] [] com.VasilevYuV.island.animals.Predator   : Wolf didn't eat, satiety decreased to: 0.0/12.0
2025-10-29T20:34:41.735+03:00 DEBUG 20128 --- [island-simulation] [] com.VasilevYuV.island.animals.Predator   : Wolf didn't eat, satiety decreased to: 0.0/12.0
2025-10-29T20:34:41.735+03:00 DEBUG 20128 --- [island-simulation] [] com.VasilevYuV.island.animals.Predator   : Wolf died from hunger
2025-10-29T20:34:41.738+03:00 DEBUG 20128 --- [island-simulation] [] com.VasilevYuV.island.animals.Predator   : Wolf died from hunger
2025-10-29T20:34:41.736+03:00 DEBUG 20128 --- [island-simulation] [] com.VasilevYuV.island.animals.Predator   : Wolf didn't eat, satiety decreased to: 0.0/12.0
2025-10-29T20:34:41.736+03:00 DEBUG 20128 --- [island-simulation] [] com.VasilevYuV.island.animals.Predator   : Wolf didn't eat, satiety decreased to: 1.399999999999996/12.0
2025-10-29T20:34:41.738+03:00 DEBUG 20128 --- [island-simulation] [] com.VasilevYuV.island.animals.Predator   : Wolf died from hunger
2025-10-29T20:34:41.738+03:00 DEBUG 20128 --- [island-simulation] [] com.VasilevYuV.island.animals.Predator   : Wolf died from hunger
2025-10-29T20:34:41.738+03:00 DEBUG 20128 --- [island-simulation] [] com.VasilevYuV.island.animals.Predator   : Wolf died from hunger
2025-10-29T20:34:42.718+03:00 DEBUG 20128 --- [island-simulation] [] com.VasilevYuV.island.animals.Predator   : Wolf didn't eat, satiety decreased to: 0.0/12.0
2025-10-29T20:34:42.718+03:00 DEBUG 20128 --- [island-simulation] [] com.VasilevYuV.island.animals.Predator   : Wolf didn't eat, satiety decreased to: 0.6799999999999958/12.0
2025-10-29T20:34:42.718+03:00 DEBUG 20128 --- [island-simulation] [] com.VasilevYuV.island.animals.Predator   : Wolf didn't eat, satiety decreased to: 0.0/12.0
2025-10-29T20:34:42.719+03:00 DEBUG 20128 --- [island-simulation] [] com.VasilevYuV.island.animals.Predator   : Wolf didn't eat, satiety decreased to: 0.6799999999999958/12.0
2025-10-29T20:34:42.719+03:00 DEBUG 20128 --- [island-simulation] [] com.VasilevYuV.island.animals.Predator   : Wolf moved randomly to [13,7]
2025-10-29T20:34:42.719+03:00 DEBUG 20128 --- [island-simulation] [] com.VasilevYuV.island.animals.Predator   : Wolf didn't eat, satiety decreased to: 1.3999999999999977/12.0
2025-10-29T20:34:42.720+03:00 DEBUG 20128 --- [island-simulation] [] com.VasilevYuV.island.animals.Predator   : Wolf didn't eat, satiety decreased to: 0.6799999999999958/12.0
2025-10-29T20:34:42.719+03:00 DEBUG 20128 --- [island-simulation] [] com.VasilevYuV.island.animals.Predator   : Wolf died from hunger
2025-10-29T20:34:42.719+03:00 DEBUG 20128 --- [island-simulation] [] com.VasilevYuV.island.animals.Predator   : Wolf moved randomly to [48,4]
2025-10-29T20:34:42.719+03:00 DEBUG 20128 --- [island-simulation] [] com.VasilevYuV.island.animals.Predator   : Wolf moved randomly to [46,8]
2025-10-29T20:34:42.719+03:00 DEBUG 20128 --- [island-simulation] [] com.VasilevYuV.island.animals.Predator   : Wolf moved randomly to [38,5]
2025-10-29T20:34:42.719+03:00 DEBUG 20128 --- [island-simulation] [pool-2-thread-1] c.V.island.service.SimulationEngine      : Turn 10 completed in 1 ms
2025-10-29T20:34:42.720+03:00 DEBUG 20128 --- [island-simulation] [] com.VasilevYuV.island.animals.Predator   : Wolf died from hunger
2025-10-29T20:34:42.722+03:00 DEBUG 20128 --- [island-simulation] [] com.VasilevYuV.island.animals.Predator   : Wolf didn't eat, satiety decreased to: 0.6799999999999958/12.0
2025-10-29T20:34:42.723+03:00 DEBUG 20128 --- [island-simulation] [] com.VasilevYuV.island.animals.Predator   : Wolf didn't eat, satiety decreased to: 0.0/12.0
2025-10-29T20:34:42.724+03:00 DEBUG 20128 --- [island-simulation] [] com.VasilevYuV.island.animals.Predator   : Wolf didn't eat, satiety decreased to: 0.0/12.0
2025-10-29T20:34:42.724+03:00 DEBUG 20128 --- [island-simulation] [] com.VasilevYuV.island.animals.Predator   : Wolf died from hunger
2025-10-29T20:34:42.724+03:00 DEBUG 20128 --- [island-simulation] [] com.VasilevYuV.island.animals.Predator   : Wolf didn't eat, satiety decreased to: 0.0/12.0
2025-10-29T20:34:42.724+03:00 DEBUG 20128 --- [island-simulation] [] com.VasilevYuV.island.animals.Predator   : Wolf died from hunger
2025-10-29T20:34:42.724+03:00 DEBUG 20128 --- [island-simulation] [] com.VasilevYuV.island.animals.Predator   : Wolf didn't eat, satiety decreased to: 0.0/12.0
2025-10-29T20:34:42.725+03:00 DEBUG 20128 --- [island-simulation] [] com.VasilevYuV.island.animals.Predator   : Wolf died from hunger
2025-10-29T20:34:42.724+03:00 DEBUG 20128 --- [island-simulation] [] com.VasilevYuV.island.animals.Predator   : Wolf died from hunger
2025-10-29T20:34:43.718+03:00 DEBUG 20128 --- [island-simulation] [] com.VasilevYuV.island.animals.Predator   : Wolf didn't eat, satiety decreased to: 0.0/12.0
2025-10-29T20:34:43.718+03:00 DEBUG 20128 --- [island-simulation] [] com.VasilevYuV.island.animals.Predator   : Wolf didn't eat, satiety decreased to: 0.0/12.0
2025-10-29T20:34:43.718+03:00 DEBUG 20128 --- [island-simulation] [] com.VasilevYuV.island.animals.Predator   : Wolf didn't eat, satiety decreased to: 0.0/12.0
2025-10-29T20:34:43.719+03:00 DEBUG 20128 --- [island-simulation] [] com.VasilevYuV.island.animals.Predator   : Wolf died from hunger
2025-10-29T20:34:43.719+03:00 DEBUG 20128 --- [island-simulation] [] com.VasilevYuV.island.animals.Predator   : Wolf died from hunger
2025-10-29T20:34:43.719+03:00 DEBUG 20128 --- [island-simulation] [] com.VasilevYuV.island.animals.Predator   : Wolf moved randomly to [44,1]
2025-10-29T20:34:43.720+03:00 DEBUG 20128 --- [island-simulation] [pool-2-thread-1] c.V.island.service.SimulationEngine      : Turn 11 completed in 2 ms
2025-10-29T20:34:43.719+03:00 DEBUG 20128 --- [island-simulation] [] com.VasilevYuV.island.animals.Predator   : Wolf died from hunger
2025-10-29T20:34:43.719+03:00 DEBUG 20128 --- [island-simulation] [] com.VasilevYuV.island.animals.Predator   : Wolf moved randomly to [12,5]
2025-10-29T20:34:43.719+03:00 DEBUG 20128 --- [island-simulation] [] com.VasilevYuV.island.animals.Predator   : Wolf moved randomly to [27,6]
2025-10-29T20:34:43.719+03:00 DEBUG 20128 --- [island-simulation] [] com.VasilevYuV.island.animals.Predator   : Wolf moved randomly to [11,8]
2025-10-29T20:34:43.722+03:00 DEBUG 20128 --- [island-simulation] [] com.VasilevYuV.island.animals.Predator   : Wolf didn't eat, satiety decreased to: 0.0/12.0
2025-10-29T20:34:43.722+03:00 DEBUG 20128 --- [island-simulation] [] com.VasilevYuV.island.animals.Predator   : Wolf didn't eat, satiety decreased to: 0.0/12.0
2025-10-29T20:34:43.720+03:00 DEBUG 20128 --- [island-simulation] [] com.VasilevYuV.island.animals.Predator   : Wolf didn't eat, satiety decreased to: 0.6799999999999976/12.0
2025-10-29T20:34:43.720+03:00 DEBUG 20128 --- [island-simulation] [] com.VasilevYuV.island.animals.Predator   : Wolf didn't eat, satiety decreased to: 0.0/12.0
2025-10-29T20:34:43.723+03:00 DEBUG 20128 --- [island-simulation] [] com.VasilevYuV.island.animals.Predator   : Wolf died from hunger
2025-10-29T20:34:43.722+03:00 DEBUG 20128 --- [island-simulation] [] com.VasilevYuV.island.animals.Predator   : Wolf died from hunger
2025-10-29T20:34:43.722+03:00 DEBUG 20128 --- [island-simulation] [] com.VasilevYuV.island.animals.Predator   : Wolf died from hunger
2025-10-29T20:34:44.718+03:00 DEBUG 20128 --- [island-simulation] [] com.VasilevYuV.island.animals.Predator   : Wolf didn't eat, satiety decreased to: 0.0/12.0
2025-10-29T20:34:44.718+03:00 DEBUG 20128 --- [island-simulation] [pool-2-thread-1] c.V.island.service.SimulationEngine      : Turn 12 completed in 0 ms
2025-10-29T20:34:44.718+03:00 DEBUG 20128 --- [island-simulation] [] com.VasilevYuV.island.animals.Predator   : Wolf died from hunger
2025-10-29T20:34:45.719+03:00 DEBUG 20128 --- [island-simulation] [pool-2-thread-1] c.V.island.service.SimulationEngine      : Turn 13 completed in 0 ms
2025-10-29T20:34:46.718+03:00 DEBUG 20128 --- [island-simulation] [pool-2-thread-1] c.V.island.service.SimulationEngine      : Turn 14 completed in 0 ms
2025-10-29T20:34:47.718+03:00 DEBUG 20128 --- [island-simulation] [pool-2-thread-1] c.V.island.service.SimulationEngine      : Turn 15 completed in 1 ms
2025-10-29T20:34:48.718+03:00 DEBUG 20128 --- [island-simulation] [pool-2-thread-1] c.V.island.service.SimulationEngine      : Turn 16 completed in 1 ms
2025-10-29T20:34:49.720+03:00 DEBUG 20128 --- [island-simulation] [pool-2-thread-1] c.V.island.service.SimulationEngine      : Turn 17 completed in 1 ms
2025-10-29T20:34:50.497+03:00  WARN 20128 --- [island-simulation] [SpringApplicationShutdownHook] w.s.h.ExceptionWebSocketHandlerDecorator : Unhandled exception after connection closed for ExceptionWebSocketHandlerDecorator [delegate=LoggingWebSocketHandlerDecorator [delegate=SubProtocolWebSocketHandler[StompSubProtocolHandler[v10.stomp, v11.stomp, v12.stomp]]]]

org.springframework.messaging.MessageDeliveryException: Failed to send message to ExecutorSubscribableChannel[clientInboundChannel]
	at org.springframework.messaging.support.AbstractMessageChannel.send(AbstractMessageChannel.java:149) ~[spring-messaging-6.1.2.jar:6.1.2]
	at org.springframework.messaging.support.AbstractMessageChannel.send(AbstractMessageChannel.java:125) ~[spring-messaging-6.1.2.jar:6.1.2]
	at org.springframework.web.socket.messaging.StompSubProtocolHandler.afterSessionEnded(StompSubProtocolHandler.java:685) ~[spring-websocket-6.1.2.jar:6.1.2]
	at org.springframework.web.socket.messaging.SubProtocolWebSocketHandler.clearSession(SubProtocolWebSocketHandler.java:531) ~[spring-websocket-6.1.2.jar:6.1.2]
	at org.springframework.web.socket.messaging.SubProtocolWebSocketHandler.afterConnectionClosed(SubProtocolWebSocketHandler.java:400) ~[spring-websocket-6.1.2.jar:6.1.2]
	at org.springframework.web.socket.handler.WebSocketHandlerDecorator.afterConnectionClosed(WebSocketHandlerDecorator.java:85) ~[spring-websocket-6.1.2.jar:6.1.2]
	at org.springframework.web.socket.handler.LoggingWebSocketHandlerDecorator.afterConnectionClosed(LoggingWebSocketHandlerDecorator.java:72) ~[spring-websocket-6.1.2.jar:6.1.2]
	at org.springframework.web.socket.handler.ExceptionWebSocketHandlerDecorator.afterConnectionClosed(ExceptionWebSocketHandlerDecorator.java:78) ~[spring-websocket-6.1.2.jar:6.1.2]
	at org.springframework.web.socket.sockjs.transport.session.AbstractSockJsSession.close(AbstractSockJsSession.java:200) ~[spring-websocket-6.1.2.jar:6.1.2]
	at org.springframework.web.socket.handler.WebSocketSessionDecorator.close(WebSocketSessionDecorator.java:160) ~[spring-websocket-6.1.2.jar:6.1.2]
	at org.springframework.web.socket.handler.ConcurrentWebSocketSessionDecorator.close(ConcurrentWebSocketSessionDecorator.java:271) ~[spring-websocket-6.1.2.jar:6.1.2]
	at org.springframework.web.socket.messaging.SubProtocolWebSocketHandler.stop(SubProtocolWebSocketHandler.java:289) ~[spring-websocket-6.1.2.jar:6.1.2]
	at org.springframework.web.socket.messaging.SubProtocolWebSocketHandler.stop(SubProtocolWebSocketHandler.java:302) ~[spring-websocket-6.1.2.jar:6.1.2]
	at org.springframework.context.support.DefaultLifecycleProcessor.doStop(DefaultLifecycleProcessor.java:344) ~[spring-context-6.1.2.jar:6.1.2]
	at org.springframework.context.support.DefaultLifecycleProcessor$LifecycleGroup.stop(DefaultLifecycleProcessor.java:483) ~[spring-context-6.1.2.jar:6.1.2]
	at java.base/java.lang.Iterable.forEach(Iterable.java:75) ~[na:na]
	at org.springframework.context.support.DefaultLifecycleProcessor.stopBeans(DefaultLifecycleProcessor.java:313) ~[spring-context-6.1.2.jar:6.1.2]
	at org.springframework.context.support.DefaultLifecycleProcessor.onClose(DefaultLifecycleProcessor.java:214) ~[spring-context-6.1.2.jar:6.1.2]
	at org.springframework.context.support.AbstractApplicationContext.doClose(AbstractApplicationContext.java:1137) ~[spring-context-6.1.2.jar:6.1.2]
	at org.springframework.boot.web.servlet.context.ServletWebServerApplicationContext.doClose(ServletWebServerApplicationContext.java:174) ~[spring-boot-3.2.1.jar:3.2.1]
	at org.springframework.context.support.AbstractApplicationContext.close(AbstractApplicationContext.java:1091) ~[spring-context-6.1.2.jar:6.1.2]
	at org.springframework.boot.SpringApplicationShutdownHook.closeAndWait(SpringApplicationShutdownHook.java:145) ~[spring-boot-3.2.1.jar:3.2.1]
	at java.base/java.lang.Iterable.forEach(Iterable.java:75) ~[na:na]
	at org.springframework.boot.SpringApplicationShutdownHook.run(SpringApplicationShutdownHook.java:114) ~[spring-boot-3.2.1.jar:3.2.1]
	at java.base/java.lang.Thread.run(Thread.java:1474) ~[na:na]
Caused by: org.springframework.core.task.TaskRejectedException: ExecutorService in shutdown state did not accept task: org.springframework.messaging.support.ExecutorSubscribableChannel$SendTask@e642288
	at org.springframework.scheduling.concurrent.ThreadPoolTaskExecutor.execute(ThreadPoolTaskExecutor.java:365) ~[spring-context-6.1.2.jar:6.1.2]
	at org.springframework.messaging.support.ExecutorSubscribableChannel.sendInternal(ExecutorSubscribableChannel.java:103) ~[spring-messaging-6.1.2.jar:6.1.2]
	at org.springframework.messaging.support.AbstractMessageChannel.send(AbstractMessageChannel.java:139) ~[spring-messaging-6.1.2.jar:6.1.2]
	... 24 common frames omitted
Caused by: java.util.concurrent.RejectedExecutionException: Task org.springframework.messaging.support.ExecutorSubscribableChannel$SendTask@e642288 rejected from org.springframework.scheduling.concurrent.ThreadPoolTaskExecutor$1@5854e526[Terminated, pool size = 0, active threads = 0, queued tasks = 0, completed tasks = 12]
	at java.base/java.util.concurrent.ThreadPoolExecutor$AbortPolicy.rejectedExecution(ThreadPoolExecutor.java:2032) ~[na:na]
	at java.base/java.util.concurrent.ThreadPoolExecutor.reject(ThreadPoolExecutor.java:787) ~[na:na]
	at java.base/java.util.concurrent.ThreadPoolExecutor.execute(ThreadPoolExecutor.java:1328) ~[na:na]
	at org.springframework.scheduling.concurrent.ThreadPoolTaskExecutor$1.execute(ThreadPoolTaskExecutor.java:269) ~[spring-context-6.1.2.jar:6.1.2]
	at org.springframework.scheduling.concurrent.ThreadPoolTaskExecutor.execute(ThreadPoolTaskExecutor.java:362) ~[spring-context-6.1.2.jar:6.1.2]
	... 26 common frames omitted

2025-10-29T20:34:50.500+03:00  INFO 20128 --- [island-simulation] [SpringApplicationShutdownHook] o.s.m.s.b.SimpleBrokerMessageHandler     : Stopping...
2025-10-29T20:34:50.501+03:00  INFO 20128 --- [island-simulation] [SpringApplicationShutdownHook] o.s.m.s.b.SimpleBrokerMessageHandler     : BrokerAvailabilityEvent[available=false, SimpleBrokerMessageHandler [org.springframework.messaging.simp.broker.DefaultSubscriptionRegistry@7906de2f]]
2025-10-29T20:34:50.501+03:00  INFO 20128 --- [island-simulation] [SpringApplicationShutdownHook] o.s.m.s.b.SimpleBrokerMessageHandler     : Stopped.
2025-10-29T20:34:50.515+03:00  INFO 20128 --- [island-simulation] [SpringApplicationShutdownHook] j.LocalContainerEntityManagerFactoryBean : Closing JPA EntityManagerFactory for persistence unit 'default'
2025-10-29T20:34:50.520+03:00  INFO 20128 --- [island-simulation] [SpringApplicationShutdownHook] com.zaxxer.hikari.HikariDataSource       : HikariPool-1 - Shutdown initiated...
2025-10-29T20:34:50.521+03:00  INFO 20128 --- [island-simulation] [SpringApplicationShutdownHook] com.zaxxer.hikari.HikariDataSource       : HikariPool-1 - Shutdown completed.
2025-10-29T20:43:50.405+03:00  INFO 22592 --- [island-simulation] [main] c.V.island.IslandSimulationApplication   : Starting IslandSimulationApplication using Java 25 with PID 22592 (C:\Users\Admin\Downloads\island\target\classes started by Admin in C:\Users\Admin\Downloads\island)
2025-10-29T20:43:50.406+03:00 DEBUG 22592 --- [island-simulation] [main] c.V.island.IslandSimulationApplication   : Running with Spring Boot v3.2.1, Spring v6.1.2
2025-10-29T20:43:50.406+03:00  INFO 22592 --- [island-simulation] [main] c.V.island.IslandSimulationApplication   : No active profile set, falling back to 1 default profile: "default"
2025-10-29T20:43:50.721+03:00  INFO 22592 --- [island-simulation] [main] .s.d.r.c.RepositoryConfigurationDelegate : Bootstrapping Spring Data JPA repositories in DEFAULT mode.
2025-10-29T20:43:50.793+03:00  INFO 22592 --- [island-simulation] [main] .s.d.r.c.RepositoryConfigurationDelegate : Finished Spring Data repository scanning in 66 ms. Found 2 JPA repository interfaces.
2025-10-29T20:43:51.254+03:00  INFO 22592 --- [island-simulation] [main] o.s.b.w.embedded.tomcat.TomcatWebServer  : Tomcat initialized with port 8080 (http)
2025-10-29T20:43:51.261+03:00  INFO 22592 --- [island-simulation] [main] o.apache.catalina.core.StandardService   : Starting service [Tomcat]
2025-10-29T20:43:51.261+03:00  INFO 22592 --- [island-simulation] [main] o.apache.catalina.core.StandardEngine    : Starting Servlet engine: [Apache Tomcat/10.1.17]
2025-10-29T20:43:51.309+03:00  INFO 22592 --- [island-simulation] [main] o.a.c.c.C.[Tomcat].[localhost].[/]       : Initializing Spring embedded WebApplicationContext
2025-10-29T20:43:51.309+03:00  INFO 22592 --- [island-simulation] [main] w.s.c.ServletWebServerApplicationContext : Root WebApplicationContext: initialization completed in 876 ms
2025-10-29T20:43:51.343+03:00  INFO 22592 --- [island-simulation] [main] com.zaxxer.hikari.HikariDataSource       : HikariPool-1 - Starting...
2025-10-29T20:43:51.475+03:00  INFO 22592 --- [island-simulation] [main] com.zaxxer.hikari.pool.HikariPool        : HikariPool-1 - Added connection conn0: url=jdbc:h2:mem:island_db user=SA
2025-10-29T20:43:51.477+03:00  INFO 22592 --- [island-simulation] [main] com.zaxxer.hikari.HikariDataSource       : HikariPool-1 - Start completed.
2025-10-29T20:43:51.486+03:00  INFO 22592 --- [island-simulation] [main] o.s.b.a.h2.H2ConsoleAutoConfiguration    : H2 console available at '/h2-console'. Database available at 'jdbc:h2:mem:island_db'
2025-10-29T20:43:51.690+03:00  INFO 22592 --- [island-simulation] [main] o.s.o.j.p.SpringPersistenceUnitInfo      : No LoadTimeWeaver setup: ignoring JPA class transformer
2025-10-29T20:43:51.709+03:00  WARN 22592 --- [island-simulation] [main] org.hibernate.orm.deprecation            : HHH90000025: H2Dialect does not need to be specified explicitly using 'hibernate.dialect' (remove the property setting and it will be selected by default)
2025-10-29T20:43:52.244+03:00  INFO 22592 --- [island-simulation] [main] j.LocalContainerEntityManagerFactoryBean : Initialized JPA EntityManagerFactory for persistence unit 'default'
2025-10-29T20:43:52.387+03:00  INFO 22592 --- [island-simulation] [main] o.s.d.j.r.query.QueryEnhancerFactory     : Hibernate is in classpath; If applicable, HQL parser will be used.
2025-10-29T20:43:52.671+03:00  INFO 22592 --- [island-simulation] [main] c.V.i.controller.WebSocketController     : WebSocket updates scheduled with interval: 1000 ms
2025-10-29T20:43:53.138+03:00  INFO 22592 --- [island-simulation] [main] o.s.b.w.embedded.tomcat.TomcatWebServer  : Tomcat started on port 8080 (http) with context path ''
2025-10-29T20:43:53.139+03:00  INFO 22592 --- [island-simulation] [main] o.s.m.s.b.SimpleBrokerMessageHandler     : Starting...
2025-10-29T20:43:53.139+03:00  INFO 22592 --- [island-simulation] [main] o.s.m.s.b.SimpleBrokerMessageHandler     : BrokerAvailabilityEvent[available=true, SimpleBrokerMessageHandler [org.springframework.messaging.simp.broker.DefaultSubscriptionRegistry@38379575]]
2025-10-29T20:43:53.139+03:00  INFO 22592 --- [island-simulation] [main] o.s.m.s.b.SimpleBrokerMessageHandler     : Started.
2025-10-29T20:43:53.143+03:00  INFO 22592 --- [island-simulation] [main] c.V.island.IslandSimulationApplication   : Started IslandSimulationApplication in 3.072 seconds (process running for 3.27)
2025-10-29T20:43:56.227+03:00  INFO 22592 --- [island-simulation] [http-nio-0.0.0.0-8080-exec-1] o.a.c.c.C.[Tomcat].[localhost].[/]       : Initializing Spring DispatcherServlet 'dispatcherServlet'
2025-10-29T20:43:56.227+03:00  INFO 22592 --- [island-simulation] [http-nio-0.0.0.0-8080-exec-1] o.s.web.servlet.DispatcherServlet        : Initializing Servlet 'dispatcherServlet'
2025-10-29T20:43:56.228+03:00  INFO 22592 --- [island-simulation] [http-nio-0.0.0.0-8080-exec-1] o.s.web.servlet.DispatcherServlet        : Completed initialization in 0 ms
2025-10-29T20:44:15.858+03:00  INFO 22592 --- [island-simulation] [http-nio-0.0.0.0-8080-exec-2] c.V.island.service.SimulationEngine      : Initializing animals on the island with config: SimulationConfig{width=50, height=10, turnDurationMs=1000, wolves=20, boas=0, foxes=0, bears=0, eagles=0, horses=0, deer=0, rabbits=10, mice=0, goats=0, sheep=0, boars=0, buffalo=0, ducks=0, caterpillars=0, plants=10}
2025-10-29T20:44:15.881+03:00  INFO 22592 --- [island-simulation] [http-nio-0.0.0.0-8080-exec-2] c.V.island.service.SimulationEngine      : Animals initialization completed
2025-10-29T20:44:15.882+03:00  INFO 22592 --- [island-simulation] [http-nio-0.0.0.0-8080-exec-2] c.V.i.controller.WebSocketController     : WebSocket updates scheduled with interval: 1000 ms
2025-10-29T20:44:15.883+03:00  INFO 22592 --- [island-simulation] [http-nio-0.0.0.0-8080-exec-2] c.V.island.service.SimulationEngine      : Simulation started with speed: 1000 ms
2025-10-29T20:44:15.900+03:00 DEBUG 22592 --- [island-simulation] [] com.VasilevYuV.island.animals.Predator   : Wolf stays in location - prey detected
2025-10-29T20:44:15.901+03:00 DEBUG 22592 --- [island-simulation] [] com.VasilevYuV.island.animals.Predator   : Wolf detected prey at [45,3]
2025-10-29T20:44:15.902+03:00 DEBUG 22592 --- [island-simulation] [] com.VasilevYuV.island.animals.Predator   : Wolf detected prey at [4,6]
2025-10-29T20:44:15.902+03:00 DEBUG 22592 --- [island-simulation] [] com.VasilevYuV.island.animals.Predator   : Wolf moved towards prey to [46,1]
2025-10-29T20:44:15.900+03:00 DEBUG 22592 --- [island-simulation] [] com.VasilevYuV.island.animals.Predator   : Wolf didn't eat, satiety decreased to: 7.88/12.0
2025-10-29T20:44:15.902+03:00 DEBUG 22592 --- [island-simulation] [] com.VasilevYuV.island.animals.Predator   : Wolf didn't eat, satiety decreased to: 7.88/12.0
2025-10-29T20:44:15.903+03:00 DEBUG 22592 --- [island-simulation] [] com.VasilevYuV.island.animals.Predator   : Wolf detected prey at [16,3]
2025-10-29T20:44:15.900+03:00 DEBUG 22592 --- [island-simulation] [] com.VasilevYuV.island.animals.Predator   : Wolf didn't eat, satiety decreased to: 7.88/12.0
2025-10-29T20:44:15.903+03:00 DEBUG 22592 --- [island-simulation] [] com.VasilevYuV.island.animals.Predator   : Wolf moved towards prey to [16,5]
2025-10-29T20:44:15.903+03:00 DEBUG 22592 --- [island-simulation] [] com.VasilevYuV.island.animals.Predator   : Wolf detected prey at [16,3]
2025-10-29T20:44:15.900+03:00 DEBUG 22592 --- [island-simulation] [] com.VasilevYuV.island.animals.Predator   : Wolf didn't eat, satiety decreased to: 7.88/12.0
2025-10-29T20:44:15.900+03:00 DEBUG 22592 --- [island-simulation] [] com.VasilevYuV.island.animals.Predator   : Wolf didn't eat, satiety decreased to: 7.88/12.0
2025-10-29T20:44:15.900+03:00 DEBUG 22592 --- [island-simulation] [] com.VasilevYuV.island.animals.Predator   : Wolf detected prey at [14,3]
2025-10-29T20:44:15.901+03:00 DEBUG 22592 --- [island-simulation] [] com.VasilevYuV.island.animals.Predator   : Wolf didn't eat, satiety decreased to: 7.88/12.0
2025-10-29T20:44:15.901+03:00 DEBUG 22592 --- [island-simulation] [] com.VasilevYuV.island.animals.Predator   : Wolf detected prey at [4,6]
2025-10-29T20:44:15.901+03:00 DEBUG 22592 --- [island-simulation] [] com.VasilevYuV.island.animals.Predator   : Wolf detected prey at [41,7]
2025-10-29T20:44:15.901+03:00 DEBUG 22592 --- [island-simulation] [] com.VasilevYuV.island.animals.Predator   : Wolf didn't eat, satiety decreased to: 7.88/12.0
2025-10-29T20:44:15.902+03:00 DEBUG 22592 --- [island-simulation] [] com.VasilevYuV.island.animals.Predator   : Wolf ate Rabbit and gained 2.4000000000000004 nutrition, satiety: 10.4/12.0
2025-10-29T20:44:15.902+03:00 DEBUG 22592 --- [island-simulation] [] com.VasilevYuV.island.animals.Predator   : Wolf moved towards prey to [3,5]
2025-10-29T20:44:15.902+03:00 DEBUG 22592 --- [island-simulation] [] com.VasilevYuV.island.animals.Predator   : Wolf detected prey at [25,7]
2025-10-29T20:44:15.902+03:00 DEBUG 22592 --- [island-simulation] [] com.VasilevYuV.island.animals.Predator   : Wolf detected prey at [41,7]
2025-10-29T20:44:15.903+03:00 DEBUG 22592 --- [island-simulation] [] com.VasilevYuV.island.animals.Predator   : Wolf detected prey at [4,6]
2025-10-29T20:44:15.903+03:00 DEBUG 22592 --- [island-simulation] [] com.VasilevYuV.island.animals.Predator   : Wolf detected prey at [41,7]
2025-10-29T20:44:15.902+03:00 DEBUG 22592 --- [island-simulation] [] com.VasilevYuV.island.animals.Predator   : Wolf detected prey at [18,1]
2025-10-29T20:44:15.929+03:00 DEBUG 22592 --- [island-simulation] [] com.VasilevYuV.island.animals.Predator   : Wolf moved towards prey to [38,9]
2025-10-29T20:44:15.927+03:00 DEBUG 22592 --- [island-simulation] [] com.VasilevYuV.island.animals.Predator   : Wolf moved towards prey to [25,8]
2025-10-29T20:44:15.903+03:00 DEBUG 22592 --- [island-simulation] [] com.VasilevYuV.island.animals.Predator   : Wolf detected prey at [18,1]
2025-10-29T20:44:15.903+03:00 DEBUG 22592 --- [island-simulation] [] com.VasilevYuV.island.animals.Predator   : Wolf didn't eat, satiety decreased to: 7.88/12.0
2025-10-29T20:44:15.931+03:00 DEBUG 22592 --- [island-simulation] [] com.VasilevYuV.island.animals.Predator   : Wolf moved towards prey to [18,2]
2025-10-29T20:44:15.920+03:00 DEBUG 22592 --- [island-simulation] [] com.VasilevYuV.island.animals.Predator   : Wolf moved towards prey to [16,2]
2025-10-29T20:44:15.931+03:00 DEBUG 22592 --- [island-simulation] [] com.VasilevYuV.island.animals.Predator   : Wolf didn't eat, satiety decreased to: 7.88/12.0
2025-10-29T20:44:15.921+03:00 DEBUG 22592 --- [island-simulation] [] com.VasilevYuV.island.animals.Predator   : Wolf didn't eat, satiety decreased to: 7.159999999999999/12.0
2025-10-29T20:44:15.930+03:00 DEBUG 22592 --- [island-simulation] [] com.VasilevYuV.island.animals.Predator   : Wolf didn't eat, satiety decreased to: 7.88/12.0
2025-10-29T20:44:15.921+03:00 DEBUG 22592 --- [island-simulation] [] com.VasilevYuV.island.animals.Predator   : Wolf detected prey at [18,1]
2025-10-29T20:44:15.922+03:00 DEBUG 22592 --- [island-simulation] [] com.VasilevYuV.island.animals.Predator   : Wolf moved towards prey to [15,4]
2025-10-29T20:44:15.934+03:00 DEBUG 22592 --- [island-simulation] [] com.VasilevYuV.island.animals.Predator   : Wolf moved towards prey to [20,0]
2025-10-29T20:44:15.922+03:00 DEBUG 22592 --- [island-simulation] [] com.VasilevYuV.island.animals.Predator   : Wolf detected prey at [4,6]
2025-10-29T20:44:15.924+03:00 DEBUG 22592 --- [island-simulation] [] com.VasilevYuV.island.animals.Predator   : Wolf moved towards prey to [4,6]
2025-10-29T20:44:15.925+03:00 DEBUG 22592 --- [island-simulation] [] com.VasilevYuV.island.animals.Predator   : Wolf moved towards prey to [40,7]
2025-10-29T20:44:15.926+03:00 DEBUG 22592 --- [island-simulation] [] com.VasilevYuV.island.animals.Predator   : Wolf didn't eat, satiety decreased to: 7.88/12.0
2025-10-29T20:44:15.928+03:00 DEBUG 22592 --- [island-simulation] [] com.VasilevYuV.island.animals.Predator   : Wolf moved towards prey to [6,4]
2025-10-29T20:44:15.928+03:00 DEBUG 22592 --- [island-simulation] [] com.VasilevYuV.island.animals.Predator   : Wolf moved towards prey to [43,7]
2025-10-29T20:44:15.929+03:00 DEBUG 22592 --- [island-simulation] [] com.VasilevYuV.island.animals.Predator   : Wolf moved towards prey to [17,0]
2025-10-29T20:44:15.937+03:00 DEBUG 22592 --- [island-simulation] [] com.VasilevYuV.island.animals.Predator   : Wolf didn't eat, satiety decreased to: 7.159999999999999/12.0
2025-10-29T20:44:15.932+03:00 DEBUG 22592 --- [island-simulation] [] com.VasilevYuV.island.animals.Predator   : Wolf didn't eat, satiety decreased to: 7.88/12.0
2025-10-29T20:44:15.934+03:00 DEBUG 22592 --- [island-simulation] [] com.VasilevYuV.island.animals.Predator   : Wolf didn't eat, satiety decreased to: 7.88/12.0
2025-10-29T20:44:15.934+03:00 DEBUG 22592 --- [island-simulation] [] com.VasilevYuV.island.animals.Predator   : Wolf didn't eat, satiety decreased to: 7.88/12.0
2025-10-29T20:44:15.932+03:00 DEBUG 22592 --- [island-simulation] [] com.VasilevYuV.island.animals.Predator   : Wolf didn't eat, satiety decreased to: 7.88/12.0
2025-10-29T20:44:15.935+03:00 DEBUG 22592 --- [island-simulation] [] com.VasilevYuV.island.animals.Predator   : Wolf moved towards prey to [4,4]
2025-10-29T20:44:15.935+03:00 DEBUG 22592 --- [island-simulation] [] com.VasilevYuV.island.animals.Predator   : Wolf didn't eat, satiety decreased to: 7.88/12.0
2025-10-29T20:44:15.937+03:00 DEBUG 22592 --- [island-simulation] [] com.VasilevYuV.island.animals.Predator   : Wolf didn't eat, satiety decreased to: 7.88/12.0
2025-10-29T20:44:15.937+03:00 DEBUG 22592 --- [island-simulation] [] com.VasilevYuV.island.animals.Predator   : Wolf didn't eat, satiety decreased to: 7.76/12.0
2025-10-29T20:44:15.937+03:00 DEBUG 22592 --- [island-simulation] [] com.VasilevYuV.island.animals.Predator   : Wolf didn't eat, satiety decreased to: 7.88/12.0
2025-10-29T20:44:15.940+03:00 DEBUG 22592 --- [island-simulation] [] com.VasilevYuV.island.animals.Predator   : Wolf didn't eat, satiety decreased to: 7.88/12.0
2025-10-29T20:44:15.953+03:00 DEBUG 22592 --- [island-simulation] [pool-2-thread-1] c.V.island.service.SimulationEngine      : Turn 1 completed in 69 ms
2025-10-29T20:44:16.885+03:00 DEBUG 22592 --- [island-simulation] [] com.VasilevYuV.island.animals.Predator   : Wolf detected prey at [15,3]
2025-10-29T20:44:16.885+03:00 DEBUG 22592 --- [island-simulation] [] com.VasilevYuV.island.animals.Predator   : Wolf detected prey at [15,3]
2025-10-29T20:44:16.885+03:00 DEBUG 22592 --- [island-simulation] [] com.VasilevYuV.island.animals.Predator   : Wolf detected prey at [44,2]
2025-10-29T20:44:16.885+03:00 DEBUG 22592 --- [island-simulation] [] com.VasilevYuV.island.animals.Predator   : Wolf detected prey at [44,2]
2025-10-29T20:44:16.887+03:00 DEBUG 22592 --- [island-simulation] [] com.VasilevYuV.island.animals.Predator   : Wolf moved towards prey to [44,3]
2025-10-29T20:44:16.885+03:00 DEBUG 22592 --- [island-simulation] [] com.VasilevYuV.island.animals.Predator   : Wolf didn't eat, satiety decreased to: 6.439999999999999/12.0
2025-10-29T20:44:16.885+03:00 DEBUG 22592 --- [island-simulation] [] com.VasilevYuV.island.animals.Predator   : Wolf didn't eat, satiety decreased to: 6.439999999999999/12.0
2025-10-29T20:44:16.885+03:00 DEBUG 22592 --- [island-simulation] [] com.VasilevYuV.island.animals.Predator   : Wolf detected prey at [15,3]
2025-10-29T20:44:16.885+03:00 DEBUG 22592 --- [island-simulation] [] com.VasilevYuV.island.animals.Predator   : Wolf detected prey at [18,1]
2025-10-29T20:44:16.888+03:00 DEBUG 22592 --- [island-simulation] [] com.VasilevYuV.island.animals.Predator   : Wolf moved towards prey to [16,1]
2025-10-29T20:44:16.888+03:00 DEBUG 22592 --- [island-simulation] [] com.VasilevYuV.island.animals.Predator   : Wolf moved towards prey to [18,0]
2025-10-29T20:44:16.885+03:00 DEBUG 22592 --- [island-simulation] [] com.VasilevYuV.island.animals.Predator   : Wolf didn't eat, satiety decreased to: 7.159999999999999/12.0
2025-10-29T20:44:16.885+03:00 DEBUG 22592 --- [island-simulation] [] com.VasilevYuV.island.animals.Predator   : Wolf detected prey at [18,1]
2025-10-29T20:44:16.885+03:00 DEBUG 22592 --- [island-simulation] [] com.VasilevYuV.island.animals.Predator   : Wolf didn't eat, satiety decreased to: 6.44/12.0
2025-10-29T20:44:16.885+03:00 DEBUG 22592 --- [island-simulation] [] com.VasilevYuV.island.animals.Predator   : Wolf didn't eat, satiety decreased to: 7.159999999999999/12.0
2025-10-29T20:44:16.885+03:00 DEBUG 22592 --- [island-simulation] [] com.VasilevYuV.island.animals.Predator   : Wolf detected prey at [15,3]
2025-10-29T20:44:16.885+03:00 DEBUG 22592 --- [island-simulation] [] com.VasilevYuV.island.animals.Predator   : Wolf detected prey at [43,3]
2025-10-29T20:44:16.885+03:00 DEBUG 22592 --- [island-simulation] [] com.VasilevYuV.island.animals.Predator   : Wolf detected prey at [4,6]
2025-10-29T20:44:16.885+03:00 DEBUG 22592 --- [island-simulation] [] com.VasilevYuV.island.animals.Predator   : Wolf detected prey at [15,3]
2025-10-29T20:44:16.885+03:00 DEBUG 22592 --- [island-simulation] [] com.VasilevYuV.island.animals.Predator   : Wolf detected prey at [42,6]
2025-10-29T20:44:16.885+03:00 DEBUG 22592 --- [island-simulation] [] com.VasilevYuV.island.animals.Predator   : Wolf detected prey at [42,6]
2025-10-29T20:44:16.891+03:00 DEBUG 22592 --- [island-simulation] [] com.VasilevYuV.island.animals.Predator   : Wolf moved towards prey to [42,5]
2025-10-29T20:44:16.885+03:00 DEBUG 22592 --- [island-simulation] [] com.VasilevYuV.island.animals.Predator   : Wolf detected prey at [44,3]
2025-10-29T20:44:16.885+03:00 DEBUG 22592 --- [island-simulation] [] com.VasilevYuV.island.animals.Predator   : Wolf detected prey at [4,6]
2025-10-29T20:44:16.892+03:00 DEBUG 22592 --- [island-simulation] [] com.VasilevYuV.island.animals.Predator   : Wolf moved towards prey to [44,3]
2025-10-29T20:44:16.885+03:00 DEBUG 22592 --- [island-simulation] [] com.VasilevYuV.island.animals.Predator   : Wolf detected prey at [18,1]
2025-10-29T20:44:16.885+03:00 DEBUG 22592 --- [island-simulation] [] com.VasilevYuV.island.animals.Predator   : Wolf detected prey at [42,6]
2025-10-29T20:44:16.893+03:00 DEBUG 22592 --- [island-simulation] [] com.VasilevYuV.island.animals.Predator   : Wolf moved towards prey to [17,1]
2025-10-29T20:44:16.885+03:00 DEBUG 22592 --- [island-simulation] [] com.VasilevYuV.island.animals.Predator   : Wolf detected prey at [18,1]
2025-10-29T20:44:16.885+03:00 DEBUG 22592 --- [island-simulation] [] com.VasilevYuV.island.animals.Predator   : Wolf didn't eat, satiety decreased to: 7.159999999999999/12.0
2025-10-29T20:44:16.886+03:00 DEBUG 22592 --- [island-simulation] [] com.VasilevYuV.island.animals.Predator   : Wolf detected prey at [24,7]
2025-10-29T20:44:16.893+03:00 DEBUG 22592 --- [island-simulation] [] com.VasilevYuV.island.animals.Predator   : Wolf moved towards prey to [23,3]
2025-10-29T20:44:16.886+03:00 DEBUG 22592 --- [island-simulation] [] com.VasilevYuV.island.animals.Predator   : Wolf didn't eat, satiety decreased to: 7.159999999999999/12.0
2025-10-29T20:44:16.886+03:00 DEBUG 22592 --- [island-simulation] [] com.VasilevYuV.island.animals.Predator   : Wolf moved towards prey to [17,5]
2025-10-29T20:44:16.886+03:00 DEBUG 22592 --- [island-simulation] [pool-2-thread-1] c.V.island.service.SimulationEngine      : Turn 2 completed in 2 ms
2025-10-29T20:44:16.886+03:00 DEBUG 22592 --- [island-simulation] [] com.VasilevYuV.island.animals.Predator   : Wolf moved towards prey to [13,4]
2025-10-29T20:44:16.887+03:00 DEBUG 22592 --- [island-simulation] [] com.VasilevYuV.island.animals.Predator   : Wolf moved towards prey to [44,0]
2025-10-29T20:44:16.897+03:00 DEBUG 22592 --- [island-simulation] [] com.VasilevYuV.island.animals.Predator   : Wolf didn't eat, satiety decreased to: 7.039999999999999/12.0
2025-10-29T20:44:16.887+03:00 DEBUG 22592 --- [island-simulation] [] com.VasilevYuV.island.animals.Predator   : Wolf ate Rabbit and gained 2.4000000000000004 nutrition, satiety: 9.68/12.0
2025-10-29T20:44:16.888+03:00 DEBUG 22592 --- [island-simulation] [] com.VasilevYuV.island.animals.Predator   : Wolf didn't eat, satiety decreased to: 7.159999999999999/12.0
2025-10-29T20:44:16.898+03:00 DEBUG 22592 --- [island-simulation] [] com.VasilevYuV.island.animals.Predator   : Wolf didn't eat, satiety decreased to: 6.439999999999999/12.0
2025-10-29T20:44:16.889+03:00 DEBUG 22592 --- [island-simulation] [] com.VasilevYuV.island.animals.Predator   : Wolf didn't eat, satiety decreased to: 7.159999999999999/12.0
2025-10-29T20:44:16.889+03:00 DEBUG 22592 --- [island-simulation] [] com.VasilevYuV.island.animals.Predator   : Wolf moved towards prey to [18,3]
2025-10-29T20:44:16.890+03:00 DEBUG 22592 --- [island-simulation] [] com.VasilevYuV.island.animals.Predator   : Wolf moved towards prey to [15,1]
2025-10-29T20:44:16.890+03:00 DEBUG 22592 --- [island-simulation] [] com.VasilevYuV.island.animals.Predator   : Wolf moved towards prey to [41,3]
2025-10-29T20:44:16.890+03:00 DEBUG 22592 --- [island-simulation] [] com.VasilevYuV.island.animals.Predator   : Wolf moved towards prey to [4,7]
2025-10-29T20:44:16.890+03:00 DEBUG 22592 --- [island-simulation] [] com.VasilevYuV.island.animals.Predator   : Wolf moved towards prey to [13,2]
2025-10-29T20:44:16.891+03:00 DEBUG 22592 --- [island-simulation] [] com.VasilevYuV.island.animals.Predator   : Wolf moved towards prey to [44,6]
2025-10-29T20:44:16.901+03:00 DEBUG 22592 --- [island-simulation] [] com.VasilevYuV.island.animals.Predator   : Wolf didn't eat, satiety decreased to: 7.159999999999999/12.0
2025-10-29T20:44:16.892+03:00 DEBUG 22592 --- [island-simulation] [] com.VasilevYuV.island.animals.Predator   : Wolf didn't eat, satiety decreased to: 7.159999999999999/12.0
2025-10-29T20:44:16.892+03:00 DEBUG 22592 --- [island-simulation] [] com.VasilevYuV.island.animals.Predator   : Wolf moved towards prey to [6,8]
2025-10-29T20:44:16.892+03:00 DEBUG 22592 --- [island-simulation] [] com.VasilevYuV.island.animals.Predator   : Wolf didn't eat, satiety decreased to: 9.56/12.0
2025-10-29T20:44:16.893+03:00 DEBUG 22592 --- [island-simulation] [] com.VasilevYuV.island.animals.Predator   : Wolf moved towards prey to [44,6]
2025-10-29T20:44:16.901+03:00 DEBUG 22592 --- [island-simulation] [] com.VasilevYuV.island.animals.Predator   : Wolf didn't eat, satiety decreased to: 7.159999999999999/12.0
2025-10-29T20:44:16.901+03:00 DEBUG 22592 --- [island-simulation] [] com.VasilevYuV.island.animals.Predator   : Wolf didn't eat, satiety decreased to: 5.72/12.0
2025-10-29T20:44:16.902+03:00 DEBUG 22592 --- [island-simulation] [] com.VasilevYuV.island.animals.Animal     : Wolf reproduced! Population: 4/10, probability: 0.5
2025-10-29T20:44:16.893+03:00 DEBUG 22592 --- [island-simulation] [] com.VasilevYuV.island.animals.Predator   : Wolf didn't eat, satiety decreased to: 7.159999999999999/12.0
2025-10-29T20:44:16.894+03:00 DEBUG 22592 --- [island-simulation] [] com.VasilevYuV.island.animals.Predator   : Wolf moved towards prey to [22,6]
2025-10-29T20:44:16.894+03:00 DEBUG 22592 --- [island-simulation] [] com.VasilevYuV.island.animals.Predator   : Wolf didn't eat, satiety decreased to: 7.039999999999999/12.0
2025-10-29T20:44:16.896+03:00 DEBUG 22592 --- [island-simulation] [] com.VasilevYuV.island.animals.Predator   : Wolf didn't eat, satiety decreased to: 6.439999999999999/12.0
2025-10-29T20:44:16.899+03:00 DEBUG 22592 --- [island-simulation] [] com.VasilevYuV.island.animals.Predator   : Wolf didn't eat, satiety decreased to: 9.680000000000001/12.0
2025-10-29T20:44:16.899+03:00 DEBUG 22592 --- [island-simulation] [] com.VasilevYuV.island.animals.Predator   : Wolf didn't eat, satiety decreased to: 7.159999999999999/12.0
2025-10-29T20:44:16.899+03:00 DEBUG 22592 --- [island-simulation] [] com.VasilevYuV.island.animals.Predator   : Wolf didn't eat, satiety decreased to: 5.719999999999998/12.0
2025-10-29T20:44:16.899+03:00 DEBUG 22592 --- [island-simulation] [] com.VasilevYuV.island.animals.Predator   : Wolf didn't eat, satiety decreased to: 7.159999999999999/12.0
2025-10-29T20:44:16.899+03:00 DEBUG 22592 --- [island-simulation] [] com.VasilevYuV.island.animals.Predator   : Wolf didn't eat, satiety decreased to: 7.159999999999999/12.0
2025-10-29T20:44:16.901+03:00 DEBUG 22592 --- [island-simulation] [] com.VasilevYuV.island.animals.Animal     : Wolf reproduced! Population: 3/10, probability: 0.6000000000000001
2025-10-29T20:44:16.902+03:00 DEBUG 22592 --- [island-simulation] [] com.VasilevYuV.island.animals.Predator   : Wolf didn't eat, satiety decreased to: 7.159999999999999/12.0
2025-10-29T20:44:16.903+03:00 DEBUG 22592 --- [island-simulation] [] com.VasilevYuV.island.animals.Predator   : Wolf didn't eat, satiety decreased to: 7.159999999999999/12.0
2025-10-29T20:44:17.886+03:00 DEBUG 22592 --- [island-simulation] [] com.VasilevYuV.island.animals.Predator   : Wolf didn't eat, satiety decreased to: 5.72/12.0
2025-10-29T20:44:17.887+03:00 DEBUG 22592 --- [island-simulation] [pool-2-thread-1] c.V.island.service.SimulationEngine      : Turn 3 completed in 2 ms
2025-10-29T20:44:17.887+03:00 DEBUG 22592 --- [island-simulation] [] com.VasilevYuV.island.animals.Animal     : Wolf reproduced! Population: 3/10, probability: 0.6000000000000001
2025-10-29T20:44:17.886+03:00 DEBUG 22592 --- [island-simulation] [] com.VasilevYuV.island.animals.Predator   : Wolf detected prey at [15,2]
2025-10-29T20:44:17.886+03:00 DEBUG 22592 --- [island-simulation] [] com.VasilevYuV.island.animals.Predator   : Wolf detected prey at [15,2]
2025-10-29T20:44:17.886+03:00 DEBUG 22592 --- [island-simulation] [] com.VasilevYuV.island.animals.Predator   : Wolf detected prey at [15,2]
2025-10-29T20:44:17.886+03:00 DEBUG 22592 --- [island-simulation] [] com.VasilevYuV.island.animals.Predator   : Wolf ate Rabbit and gained 2.4000000000000004 nutrition, satiety: 8.959999999999999/12.0
2025-10-29T20:44:17.886+03:00 DEBUG 22592 --- [island-simulation] [] com.VasilevYuV.island.animals.Predator   : Wolf didn't eat, satiety decreased to: 6.439999999999999/12.0
2025-10-29T20:44:17.886+03:00 DEBUG 22592 --- [island-simulation] [] com.VasilevYuV.island.animals.Predator   : Wolf didn't eat, satiety decreased to: 6.439999999999999/12.0
2025-10-29T20:44:17.886+03:00 DEBUG 22592 --- [island-simulation] [] com.VasilevYuV.island.animals.Predator   : Wolf detected prey at [23,6]
2025-10-29T20:44:17.886+03:00 DEBUG 22592 --- [island-simulation] [] com.VasilevYuV.island.animals.Predator   : Wolf detected prey at [16,2]
2025-10-29T20:44:17.886+03:00 DEBUG 22592 --- [island-simulation] [] com.VasilevYuV.island.animals.Predator   : Wolf didn't eat, satiety decreased to: 6.439999999999999/12.0
2025-10-29T20:44:17.886+03:00 DEBUG 22592 --- [island-simulation] [] com.VasilevYuV.island.animals.Predator   : Wolf detected prey at [42,6]
2025-10-29T20:44:17.886+03:00 DEBUG 22592 --- [island-simulation] [] com.VasilevYuV.island.animals.Predator   : Wolf detected prey at [22,5]
2025-10-29T20:44:17.886+03:00 DEBUG 22592 --- [island-simulation] [] com.VasilevYuV.island.animals.Predator   : Wolf didn't eat, satiety decreased to: 8.240000000000002/12.0
2025-10-29T20:44:17.886+03:00 DEBUG 22592 --- [island-simulation] [] com.VasilevYuV.island.animals.Predator   : Wolf didn't eat, satiety decreased to: 5.72/12.0
2025-10-29T20:44:17.886+03:00 DEBUG 22592 --- [island-simulation] [] com.VasilevYuV.island.animals.Predator   : Wolf detected prey at [3,5]
2025-10-29T20:44:17.886+03:00 DEBUG 22592 --- [island-simulation] [] com.VasilevYuV.island.animals.Predator   : Wolf detected prey at [3,5]
2025-10-29T20:44:17.886+03:00 DEBUG 22592 --- [island-simulation] [] com.VasilevYuV.island.animals.Predator   : Wolf didn't eat, satiety decreased to: 6.439999999999999/12.0
2025-10-29T20:44:17.886+03:00 DEBUG 22592 --- [island-simulation] [] com.VasilevYuV.island.animals.Predator   : Wolf detected prey at [4,6]
2025-10-29T20:44:17.886+03:00 DEBUG 22592 --- [island-simulation] [] com.VasilevYuV.island.animals.Predator   : Wolf detected prey at [41,5]
2025-10-29T20:44:17.886+03:00 DEBUG 22592 --- [island-simulation] [] com.VasilevYuV.island.animals.Predator   : Wolf didn't eat, satiety decreased to: 6.439999999999999/12.0
2025-10-29T20:44:17.887+03:00 DEBUG 22592 --- [island-simulation] [] com.VasilevYuV.island.animals.Predator   : Wolf detected prey at [48,8]
2025-10-29T20:44:17.887+03:00 DEBUG 22592 --- [island-simulation] [] com.VasilevYuV.island.animals.Predator   : Wolf detected prey at [16,2]
2025-10-29T20:44:17.888+03:00 DEBUG 22592 --- [island-simulation] [] com.VasilevYuV.island.animals.Predator   : Wolf moved towards prey to [14,2]
2025-10-29T20:44:17.893+03:00 DEBUG 22592 --- [island-simulation] [] com.VasilevYuV.island.animals.Predator   : Wolf moved towards prey to [17,2]
2025-10-29T20:44:17.888+03:00 DEBUG 22592 --- [island-simulation] [] com.VasilevYuV.island.animals.Predator   : Wolf moved towards prey to [15,0]
2025-10-29T20:44:17.889+03:00 DEBUG 22592 --- [island-simulation] [] com.VasilevYuV.island.animals.Predator   : Wolf moved towards prey to [14,4]
2025-10-29T20:44:17.890+03:00 DEBUG 22592 --- [island-simulation] [] com.VasilevYuV.island.animals.Predator   : Wolf moved towards prey to [21,5]
2025-10-29T20:44:17.890+03:00 DEBUG 22592 --- [island-simulation] [] com.VasilevYuV.island.animals.Predator   : Wolf moved towards prey to [14,2]
2025-10-29T20:44:17.890+03:00 DEBUG 22592 --- [island-simulation] [] com.VasilevYuV.island.animals.Predator   : Wolf moved towards prey to [42,8]
2025-10-29T20:44:17.890+03:00 DEBUG 22592 --- [island-simulation] [] com.VasilevYuV.island.animals.Predator   : Wolf moved towards prey to [24,5]
2025-10-29T20:44:17.891+03:00 DEBUG 22592 --- [island-simulation] [] com.VasilevYuV.island.animals.Predator   : Wolf moved towards prey to [4,4]
2025-10-29T20:44:17.895+03:00 DEBUG 22592 --- [island-simulation] [] com.VasilevYuV.island.animals.Predator   : Wolf didn't eat, satiety decreased to: 6.3199999999999985/12.0
2025-10-29T20:44:17.892+03:00 DEBUG 22592 --- [island-simulation] [] com.VasilevYuV.island.animals.Predator   : Wolf moved towards prey to [4,5]
2025-10-29T20:44:17.892+03:00 DEBUG 22592 --- [island-simulation] [] com.VasilevYuV.island.animals.Predator   : Wolf moved towards prey to [6,4]
2025-10-29T20:44:17.896+03:00 DEBUG 22592 --- [island-simulation] [] com.VasilevYuV.island.animals.Predator   : Wolf ate Rabbit and gained 2.4000000000000004 nutrition, satiety: 8.239999999999998/12.0
2025-10-29T20:44:17.892+03:00 DEBUG 22592 --- [island-simulation] [] com.VasilevYuV.island.animals.Predator   : Wolf moved towards prey to [41,6]
2025-10-29T20:44:17.893+03:00 DEBUG 22592 --- [island-simulation] [] com.VasilevYuV.island.animals.Predator   : Wolf moved towards prey to [48,9]
2025-10-29T20:44:17.896+03:00 DEBUG 22592 --- [island-simulation] [] com.VasilevYuV.island.animals.Predator   : Wolf didn't eat, satiety decreased to: 4.039999999999998/12.0
2025-10-29T20:44:17.893+03:00 DEBUG 22592 --- [island-simulation] [] com.VasilevYuV.island.animals.Predator   : Wolf didn't eat, satiety decreased to: 5.719999999999998/12.0
2025-10-29T20:44:17.893+03:00 DEBUG 22592 --- [island-simulation] [] com.VasilevYuV.island.animals.Predator   : Wolf didn't eat, satiety decreased to: 6.439999999999999/12.0
2025-10-29T20:44:17.893+03:00 DEBUG 22592 --- [island-simulation] [] com.VasilevYuV.island.animals.Predator   : Wolf didn't eat, satiety decreased to: 8.960000000000003/12.0
2025-10-29T20:44:17.894+03:00 DEBUG 22592 --- [island-simulation] [] com.VasilevYuV.island.animals.Predator   : Wolf didn't eat, satiety decreased to: 6.439999999999999/12.0
2025-10-29T20:44:17.894+03:00 DEBUG 22592 --- [island-simulation] [] com.VasilevYuV.island.animals.Predator   : Wolf didn't eat, satiety decreased to: 4.999999999999999/12.0
2025-10-29T20:44:17.894+03:00 DEBUG 22592 --- [island-simulation] [] com.VasilevYuV.island.animals.Predator   : Wolf didn't eat, satiety decreased to: 6.439999999999999/12.0
2025-10-29T20:44:17.895+03:00 DEBUG 22592 --- [island-simulation] [] com.VasilevYuV.island.animals.Predator   : Wolf didn't eat, satiety decreased to: 4.879999999999999/12.0
2025-10-29T20:44:17.895+03:00 DEBUG 22592 --- [island-simulation] [] com.VasilevYuV.island.animals.Predator   : Wolf didn't eat, satiety decreased to: 5.719999999999998/12.0
2025-10-29T20:44:17.896+03:00 DEBUG 22592 --- [island-simulation] [] com.VasilevYuV.island.animals.Predator   : Wolf didn't eat, satiety decreased to: 6.439999999999999/12.0
2025-10-29T20:44:17.896+03:00 DEBUG 22592 --- [island-simulation] [] com.VasilevYuV.island.animals.Predator   : Wolf didn't eat, satiety decreased to: 4.999999999999997/12.0
2025-10-29T20:44:17.897+03:00 DEBUG 22592 --- [island-simulation] [] com.VasilevYuV.island.animals.Predator   : Wolf detected prey at [41,5]
2025-10-29T20:44:17.900+03:00 DEBUG 22592 --- [island-simulation] [] com.VasilevYuV.island.animals.Predator   : Wolf moved towards prey to [42,5]
2025-10-29T20:44:17.898+03:00 DEBUG 22592 --- [island-simulation] [] com.VasilevYuV.island.animals.Animal     : Wolf reproduced! Population: 3/10, probability: 0.6000000000000001
2025-10-29T20:44:17.898+03:00 DEBUG 22592 --- [island-simulation] [] com.VasilevYuV.island.animals.Predator   : Wolf detected prey at [16,2]
2025-10-29T20:44:17.899+03:00 DEBUG 22592 --- [island-simulation] [] com.VasilevYuV.island.animals.Animal     : Wolf reproduced! Population: 3/10, probability: 0.6000000000000001
2025-10-29T20:44:17.900+03:00 DEBUG 22592 --- [island-simulation] [] com.VasilevYuV.island.animals.Predator   : Wolf didn't eat, satiety decreased to: 2.599999999999999/12.0
2025-10-29T20:44:17.901+03:00 DEBUG 22592 --- [island-simulation] [] com.VasilevYuV.island.animals.Predator   : Wolf moved towards prey to [15,3]
2025-10-29T20:44:17.902+03:00 DEBUG 22592 --- [island-simulation] [] com.VasilevYuV.island.animals.Predator   : Wolf detected prey at [48,8]
2025-10-29T20:44:17.903+03:00 DEBUG 22592 --- [island-simulation] [] com.VasilevYuV.island.animals.Predator   : Wolf moved towards prey to [48,9]
2025-10-29T20:44:17.902+03:00 DEBUG 22592 --- [island-simulation] [] com.VasilevYuV.island.animals.Predator   : Wolf didn't eat, satiety decreased to: 2.599999999999999/12.0
2025-10-29T20:44:17.903+03:00 DEBUG 22592 --- [island-simulation] [] com.VasilevYuV.island.animals.Predator   : Wolf didn't eat, satiety decreased to: 7.88/12.0
2025-10-29T20:44:17.904+03:00 DEBUG 22592 --- [island-simulation] [] com.VasilevYuV.island.animals.Predator   : Wolf detected prey at [41,5]
2025-10-29T20:44:17.905+03:00 DEBUG 22592 --- [island-simulation] [] com.VasilevYuV.island.animals.Predator   : Wolf moved towards prey to [41,3]
2025-10-29T20:44:17.905+03:00 DEBUG 22592 --- [island-simulation] [] com.VasilevYuV.island.animals.Predator   : Wolf didn't eat, satiety decreased to: 7.88/12.0
2025-10-29T20:44:18.885+03:00 DEBUG 22592 --- [island-simulation] [] com.VasilevYuV.island.animals.Predator   : Wolf detected prey at [22,4]
2025-10-29T20:44:18.887+03:00 DEBUG 22592 --- [island-simulation] [] com.VasilevYuV.island.animals.Predator   : Wolf moved towards prey to [23,2]
2025-10-29T20:44:18.885+03:00 DEBUG 22592 --- [island-simulation] [] com.VasilevYuV.island.animals.Predator   : Wolf didn't eat, satiety decreased to: 5.719999999999998/12.0
2025-10-29T20:44:18.887+03:00 DEBUG 22592 --- [island-simulation] [pool-2-thread-1] c.V.island.service.SimulationEngine      : Turn 4 completed in 2 ms
2025-10-29T20:44:18.885+03:00 DEBUG 22592 --- [island-simulation] [] com.VasilevYuV.island.animals.Predator   : Wolf detected prey at [15,2]
2025-10-29T20:44:18.885+03:00 DEBUG 22592 --- [island-simulation] [] com.VasilevYuV.island.animals.Predator   : Wolf detected prey at [15,2]
2025-10-29T20:44:18.888+03:00 DEBUG 22592 --- [island-simulation] [] com.VasilevYuV.island.animals.Predator   : Wolf moved towards prey to [14,2]
2025-10-29T20:44:18.885+03:00 DEBUG 22592 --- [island-simulation] [] com.VasilevYuV.island.animals.Predator   : Wolf detected prey at [15,2]
2025-10-29T20:44:18.885+03:00 DEBUG 22592 --- [island-simulation] [] com.VasilevYuV.island.animals.Predator   : Wolf detected prey at [16,2]
2025-10-29T20:44:18.885+03:00 DEBUG 22592 --- [island-simulation] [] com.VasilevYuV.island.animals.Predator   : Wolf didn't eat, satiety decreased to: 4.999999999999997/12.0
2025-10-29T20:44:18.885+03:00 DEBUG 22592 --- [island-simulation] [] com.VasilevYuV.island.animals.Predator   : Wolf detected prey at [16,2]
2025-10-29T20:44:18.885+03:00 DEBUG 22592 --- [island-simulation] [] com.VasilevYuV.island.animals.Predator   : Wolf detected prey at [16,2]
2025-10-29T20:44:18.886+03:00 DEBUG 22592 --- [island-simulation] [] com.VasilevYuV.island.animals.Predator   : Wolf detected prey at [5,7]
2025-10-29T20:44:18.886+03:00 DEBUG 22592 --- [island-simulation] [] com.VasilevYuV.island.animals.Predator   : Wolf detected prey at [5,7]
2025-10-29T20:44:18.886+03:00 DEBUG 22592 --- [island-simulation] [] com.VasilevYuV.island.animals.Predator   : Wolf detected prey at [22,4]
2025-10-29T20:44:18.886+03:00 DEBUG 22592 --- [island-simulation] [] com.VasilevYuV.island.animals.Predator   : Wolf detected prey at [41,5]
2025-10-29T20:44:18.886+03:00 DEBUG 22592 --- [island-simulation] [] com.VasilevYuV.island.animals.Predator   : Wolf didn't eat, satiety decreased to: 5.719999999999998/12.0
2025-10-29T20:44:18.886+03:00 DEBUG 22592 --- [island-simulation] [] com.VasilevYuV.island.animals.Predator   : Wolf detected prey at [5,7]
2025-10-29T20:44:18.886+03:00 DEBUG 22592 --- [island-simulation] [] com.VasilevYuV.island.animals.Predator   : Wolf didn't eat, satiety decreased to: 3.319999999999998/12.0
2025-10-29T20:44:18.891+03:00 DEBUG 22592 --- [island-simulation] [] com.VasilevYuV.island.animals.Predator   : Wolf moved towards prey to [7,6]
2025-10-29T20:44:18.886+03:00 DEBUG 22592 --- [island-simulation] [] com.VasilevYuV.island.animals.Predator   : Wolf detected prey at [47,7]
2025-10-29T20:44:18.886+03:00 DEBUG 22592 --- [island-simulation] [] com.VasilevYuV.island.animals.Predator   : Wolf detected prey at [40,6]
2025-10-29T20:44:18.891+03:00 DEBUG 22592 --- [island-simulation] [] com.VasilevYuV.island.animals.Predator   : Wolf moved towards prey to [49,5]
2025-10-29T20:44:18.886+03:00 DEBUG 22592 --- [island-simulation] [] com.VasilevYuV.island.animals.Predator   : Wolf detected prey at [22,4]
2025-10-29T20:44:18.892+03:00 DEBUG 22592 --- [island-simulation] [] com.VasilevYuV.island.animals.Predator   : Wolf didn't eat, satiety decreased to: 2.599999999999998/12.0
2025-10-29T20:44:18.892+03:00 DEBUG 22592 --- [island-simulation] [] com.VasilevYuV.island.animals.Predator   : Wolf moved towards prey to [20,5]
2025-10-29T20:44:18.886+03:00 DEBUG 22592 --- [island-simulation] [] com.VasilevYuV.island.animals.Predator   : Wolf detected prey at [47,7]
2025-10-29T20:44:18.893+03:00 DEBUG 22592 --- [island-simulation] [] com.VasilevYuV.island.animals.Predator   : Wolf didn't eat, satiety decreased to: 3.439999999999999/12.0
2025-10-29T20:44:18.886+03:00 DEBUG 22592 --- [island-simulation] [] com.VasilevYuV.island.animals.Predator   : Wolf didn't eat, satiety decreased to: 5.719999999999998/12.0
2025-10-29T20:44:18.886+03:00 DEBUG 22592 --- [island-simulation] [] com.VasilevYuV.island.animals.Predator   : Wolf detected prey at [40,7]
2025-10-29T20:44:18.894+03:00 DEBUG 22592 --- [island-simulation] [] com.VasilevYuV.island.animals.Predator   : Wolf moved towards prey to [40,8]
2025-10-29T20:44:18.886+03:00 DEBUG 22592 --- [island-simulation] [] com.VasilevYuV.island.animals.Predator   : Wolf detected prey at [40,7]
2025-10-29T20:44:18.886+03:00 DEBUG 22592 --- [island-simulation] [] com.VasilevYuV.island.animals.Predator   : Wolf didn't eat, satiety decreased to: 7.519999999999999/12.0
2025-10-29T20:44:18.886+03:00 DEBUG 22592 --- [island-simulation] [] com.VasilevYuV.island.animals.Predator   : Wolf detected prey at [4,8]
2025-10-29T20:44:18.887+03:00 DEBUG 22592 --- [island-simulation] [] com.VasilevYuV.island.animals.Predator   : Wolf didn't eat, satiety decreased to: 3.559999999999999/12.0
2025-10-29T20:44:18.888+03:00 DEBUG 22592 --- [island-simulation] [] com.VasilevYuV.island.animals.Predator   : Wolf detected prey at [16,2]
2025-10-29T20:44:18.888+03:00 DEBUG 22592 --- [island-simulation] [] com.VasilevYuV.island.animals.Predator   : Wolf moved towards prey to [16,3]
2025-10-29T20:44:18.888+03:00 DEBUG 22592 --- [island-simulation] [] com.VasilevYuV.island.animals.Predator   : Wolf didn't eat, satiety decreased to: 4.999999999999999/12.0
2025-10-29T20:44:18.889+03:00 DEBUG 22592 --- [island-simulation] [] com.VasilevYuV.island.animals.Predator   : Wolf moved towards prey to [15,2]
2025-10-29T20:44:18.899+03:00 DEBUG 22592 --- [island-simulation] [] com.VasilevYuV.island.animals.Predator   : Wolf didn't eat, satiety decreased to: 7.88/12.0
2025-10-29T20:44:18.889+03:00 DEBUG 22592 --- [island-simulation] [] com.VasilevYuV.island.animals.Predator   : Wolf moved towards prey to [16,3]
2025-10-29T20:44:18.889+03:00 DEBUG 22592 --- [island-simulation] [] com.VasilevYuV.island.animals.Predator   : Wolf moved towards prey to [16,0]
2025-10-29T20:44:18.889+03:00 DEBUG 22592 --- [island-simulation] [] com.VasilevYuV.island.animals.Predator   : Wolf moved towards prey to [16,4]
2025-10-29T20:44:18.890+03:00 DEBUG 22592 --- [island-simulation] [] com.VasilevYuV.island.animals.Predator   : Wolf moved towards prey to [5,8]
2025-10-29T20:44:18.890+03:00 DEBUG 22592 --- [island-simulation] [] com.VasilevYuV.island.animals.Predator   : Wolf moved towards prey to [7,9]
2025-10-29T20:44:18.890+03:00 DEBUG 22592 --- [island-simulation] [] com.VasilevYuV.island.animals.Predator   : Wolf moved towards prey to [22,3]
2025-10-29T20:44:18.890+03:00 DEBUG 22592 --- [island-simulation] [] com.VasilevYuV.island.animals.Predator   : Wolf moved towards prey to [41,5]
2025-10-29T20:44:18.891+03:00 DEBUG 22592 --- [island-simulation] [] com.VasilevYuV.island.animals.Predator   : Wolf didn't eat, satiety decreased to: 4.999999999999997/12.0
2025-10-29T20:44:18.891+03:00 DEBUG 22592 --- [island-simulation] [] com.VasilevYuV.island.animals.Predator   : Wolf detected prey at [47,7]
2025-10-29T20:44:18.892+03:00 DEBUG 22592 --- [island-simulation] [] com.VasilevYuV.island.animals.Predator   : Wolf moved towards prey to [38,6]
2025-10-29T20:44:18.892+03:00 DEBUG 22592 --- [island-simulation] [] com.VasilevYuV.island.animals.Predator   : Wolf detected prey at [47,7]
2025-10-29T20:44:18.904+03:00 DEBUG 22592 --- [island-simulation] [] com.VasilevYuV.island.animals.Predator   : Wolf moved towards prey to [47,6]
2025-10-29T20:44:18.893+03:00 DEBUG 22592 --- [island-simulation] [] com.VasilevYuV.island.animals.Predator   : Wolf moved towards prey to [48,7]
2025-10-29T20:44:18.894+03:00 DEBUG 22592 --- [island-simulation] [] com.VasilevYuV.island.animals.Predator   : Wolf didn't eat, satiety decreased to: 1.879999999999999/12.0
2025-10-29T20:44:18.895+03:00 DEBUG 22592 --- [island-simulation] [] com.VasilevYuV.island.animals.Predator   : Wolf moved towards prey to [39,5]
2025-10-29T20:44:18.895+03:00 DEBUG 22592 --- [island-simulation] [] com.VasilevYuV.island.animals.Predator   : Wolf moved towards prey to [4,8]
2025-10-29T20:44:18.896+03:00 DEBUG 22592 --- [island-simulation] [] com.VasilevYuV.island.animals.Predator   : Wolf moved towards prey to [17,1]
2025-10-29T20:44:18.897+03:00 DEBUG 22592 --- [island-simulation] [] com.VasilevYuV.island.animals.Predator   : Wolf didn't eat, satiety decreased to: 8.24/12.0
2025-10-29T20:44:18.899+03:00 DEBUG 22592 --- [island-simulation] [] com.VasilevYuV.island.animals.Predator   : Wolf didn't eat, satiety decreased to: 5.719999999999998/12.0
2025-10-29T20:44:18.900+03:00 DEBUG 22592 --- [island-simulation] [] com.VasilevYuV.island.animals.Predator   : Wolf didn't eat, satiety decreased to: 8.120000000000001/12.0
2025-10-29T20:44:18.900+03:00 DEBUG 22592 --- [island-simulation] [] com.VasilevYuV.island.animals.Predator   : Wolf didn't eat, satiety decreased to: 4.279999999999997/12.0
2025-10-29T20:44:18.901+03:00 DEBUG 22592 --- [island-simulation] [] com.VasilevYuV.island.animals.Predator   : Wolf didn't eat, satiety decreased to: 5.719999999999998/12.0
2025-10-29T20:44:18.902+03:00 DEBUG 22592 --- [island-simulation] [] com.VasilevYuV.island.animals.Predator   : Wolf didn't eat, satiety decreased to: 6.799999999999998/12.0
2025-10-29T20:44:18.902+03:00 DEBUG 22592 --- [island-simulation] [] com.VasilevYuV.island.animals.Predator   : Wolf didn't eat, satiety decreased to: 5.719999999999998/12.0
2025-10-29T20:44:18.903+03:00 DEBUG 22592 --- [island-simulation] [] com.VasilevYuV.island.animals.Predator   : Wolf didn't eat, satiety decreased to: 7.520000000000002/12.0
2025-10-29T20:44:18.904+03:00 DEBUG 22592 --- [island-simulation] [] com.VasilevYuV.island.animals.Predator   : Wolf moved towards prey to [47,5]
2025-10-29T20:44:18.904+03:00 DEBUG 22592 --- [island-simulation] [] com.VasilevYuV.island.animals.Predator   : Wolf didn't eat, satiety decreased to: 4.279999999999997/12.0
2025-10-29T20:44:18.905+03:00 DEBUG 22592 --- [island-simulation] [] com.VasilevYuV.island.animals.Predator   : Wolf didn't eat, satiety decreased to: 1.8799999999999977/12.0
2025-10-29T20:44:18.905+03:00 DEBUG 22592 --- [island-simulation] [] com.VasilevYuV.island.animals.Predator   : Wolf didn't eat, satiety decreased to: 5.719999999999998/12.0
2025-10-29T20:44:18.906+03:00 DEBUG 22592 --- [island-simulation] [] com.VasilevYuV.island.animals.Predator   : Wolf didn't eat, satiety decreased to: 7.159999999999999/12.0
2025-10-29T20:44:18.906+03:00 DEBUG 22592 --- [island-simulation] [] com.VasilevYuV.island.animals.Predator   : Wolf didn't eat, satiety decreased to: 5.719999999999998/12.0
2025-10-29T20:44:18.906+03:00 DEBUG 22592 --- [island-simulation] [] com.VasilevYuV.island.animals.Predator   : Wolf didn't eat, satiety decreased to: 1.879999999999999/12.0
2025-10-29T20:44:18.908+03:00 DEBUG 22592 --- [island-simulation] [] com.VasilevYuV.island.animals.Predator   : Wolf detected prey at [16,2]
2025-10-29T20:44:18.909+03:00 DEBUG 22592 --- [island-simulation] [] com.VasilevYuV.island.animals.Predator   : Wolf detected prey at [16,2]
2025-10-29T20:44:18.910+03:00 DEBUG 22592 --- [island-simulation] [] com.VasilevYuV.island.animals.Predator   : Wolf didn't eat, satiety decreased to: 4.999999999999997/12.0
2025-10-29T20:44:18.911+03:00 DEBUG 22592 --- [island-simulation] [] com.VasilevYuV.island.animals.Predator   : Wolf didn't eat, satiety decreased to: 7.159999999999999/12.0
2025-10-29T20:44:18.914+03:00 DEBUG 22592 --- [island-simulation] [] com.VasilevYuV.island.animals.Predator   : Wolf moved towards prey to [17,3]
2025-10-29T20:44:18.914+03:00 DEBUG 22592 --- [island-simulation] [] com.VasilevYuV.island.animals.Predator   : Wolf moved towards prey to [16,2]
2025-10-29T20:44:18.915+03:00 DEBUG 22592 --- [island-simulation] [] com.VasilevYuV.island.animals.Predator   : Wolf detected prey at [4,8]
2025-10-29T20:44:18.915+03:00 DEBUG 22592 --- [island-simulation] [] com.VasilevYuV.island.animals.Predator   : Wolf didn't eat, satiety decreased to: 5.8400000000000025/12.0
2025-10-29T20:44:18.916+03:00 DEBUG 22592 --- [island-simulation] [] com.VasilevYuV.island.animals.Predator   : Wolf didn't eat, satiety decreased to: 3.5599999999999965/12.0
2025-10-29T20:44:18.916+03:00 DEBUG 22592 --- [island-simulation] [] com.VasilevYuV.island.animals.Predator   : Wolf moved towards prey to [2,8]
2025-10-29T20:44:18.917+03:00 DEBUG 22592 --- [island-simulation] [] com.VasilevYuV.island.animals.Predator   : Wolf didn't eat, satiety decreased to: 2.5999999999999974/12.0
2025-10-29T20:44:18.916+03:00 DEBUG 22592 --- [island-simulation] [] com.VasilevYuV.island.animals.Predator   : Wolf detected prey at [16,2]
2025-10-29T20:44:18.917+03:00 DEBUG 22592 --- [island-simulation] [] com.VasilevYuV.island.animals.Predator   : Wolf detected prey at [4,8]
2025-10-29T20:44:18.917+03:00 DEBUG 22592 --- [island-simulation] [] com.VasilevYuV.island.animals.Predator   : Wolf moved towards prey to [18,3]
2025-10-29T20:44:18.917+03:00 DEBUG 22592 --- [island-simulation] [] com.VasilevYuV.island.animals.Predator   : Wolf moved towards prey to [4,8]
2025-10-29T20:44:18.917+03:00 DEBUG 22592 --- [island-simulation] [] com.VasilevYuV.island.animals.Predator   : Wolf didn't eat, satiety decreased to: 7.88/12.0
2025-10-29T20:44:18.917+03:00 DEBUG 22592 --- [island-simulation] [] com.VasilevYuV.island.animals.Predator   : Wolf ate Rabbit and gained 2.4000000000000004 nutrition, satiety: 10.4/12.0
2025-10-29T20:44:19.884+03:00 DEBUG 22592 --- [island-simulation] [] com.VasilevYuV.island.animals.Predator   : Wolf didn't eat, satiety decreased to: 4.999999999999997/12.0
2025-10-29T20:44:19.884+03:00 DEBUG 22592 --- [island-simulation] [] com.VasilevYuV.island.animals.Predator   : Wolf didn't eat, satiety decreased to: 2.8399999999999963/12.0
2025-10-29T20:44:19.887+03:00 DEBUG 22592 --- [island-simulation] [] com.VasilevYuV.island.animals.Predator   : Wolf detected prey at [15,1]
2025-10-29T20:44:19.884+03:00 DEBUG 22592 --- [island-simulation] [] com.VasilevYuV.island.animals.Predator   : Wolf detected prey at [16,2]
2025-10-29T20:44:19.885+03:00 DEBUG 22592 --- [island-simulation] [] com.VasilevYuV.island.animals.Predator   : Wolf detected prey at [16,2]
2025-10-29T20:44:19.885+03:00 DEBUG 22592 --- [island-simulation] [] com.VasilevYuV.island.animals.Predator   : Wolf didn't eat, satiety decreased to: 1.1599999999999988/12.0
2025-10-29T20:44:19.888+03:00 DEBUG 22592 --- [island-simulation] [] com.VasilevYuV.island.animals.Predator   : Wolf detected prey at [15,1]
2025-10-29T20:44:19.885+03:00 DEBUG 22592 --- [island-simulation] [] com.VasilevYuV.island.animals.Predator   : Wolf detected prey at [16,2]
2025-10-29T20:44:19.889+03:00 DEBUG 22592 --- [island-simulation] [] com.VasilevYuV.island.animals.Predator   : Wolf moved towards prey to [17,1]
2025-10-29T20:44:19.889+03:00 DEBUG 22592 --- [island-simulation] [] com.VasilevYuV.island.animals.Predator   : Wolf moved towards prey to [17,4]
2025-10-29T20:44:19.889+03:00 DEBUG 22592 --- [island-simulation] [] com.VasilevYuV.island.animals.Predator   : Wolf detected prey at [15,1]
2025-10-29T20:44:19.889+03:00 DEBUG 22592 --- [island-simulation] [] com.VasilevYuV.island.animals.Predator   : Wolf moved towards prey to [9,4]
2025-10-29T20:44:19.885+03:00 DEBUG 22592 --- [island-simulation] [] com.VasilevYuV.island.animals.Predator   : Wolf detected prey at [16,2]
2025-10-29T20:44:19.890+03:00 DEBUG 22592 --- [island-simulation] [] com.VasilevYuV.island.animals.Predator   : Wolf moved towards prey to [17,2]
2025-10-29T20:44:19.885+03:00 DEBUG 22592 --- [island-simulation] [] com.VasilevYuV.island.animals.Predator   : Wolf detected prey at [16,2]
2025-10-29T20:44:19.890+03:00 DEBUG 22592 --- [island-simulation] [] com.VasilevYuV.island.animals.Predator   : Wolf moved towards prey to [14,2]
2025-10-29T20:44:19.890+03:00 DEBUG 22592 --- [island-simulation] [] com.VasilevYuV.island.animals.Predator   : Wolf didn't eat, satiety decreased to: 2.119999999999996/12.0
2025-10-29T20:44:19.885+03:00 DEBUG 22592 --- [island-simulation] [] com.VasilevYuV.island.animals.Predator   : Wolf detected prey at [16,2]
2025-10-29T20:44:19.885+03:00 DEBUG 22592 --- [island-simulation] [] com.VasilevYuV.island.animals.Predator   : Wolf detected prey at [22,5]
2025-10-29T20:44:19.885+03:00 DEBUG 22592 --- [island-simulation] [] com.VasilevYuV.island.animals.Predator   : Wolf detected prey at [22,5]
2025-10-29T20:44:19.885+03:00 DEBUG 22592 --- [island-simulation] [] com.VasilevYuV.island.animals.Predator   : Wolf didn't eat, satiety decreased to: 6.800000000000002/12.0
2025-10-29T20:44:19.885+03:00 DEBUG 22592 --- [island-simulation] [] com.VasilevYuV.island.animals.Predator   : Wolf didn't eat, satiety decreased to: 6.6800000000000015/12.0
2025-10-29T20:44:19.885+03:00 DEBUG 22592 --- [island-simulation] [] com.VasilevYuV.island.animals.Predator   : Wolf detected prey at [41,8]
2025-10-29T20:44:19.885+03:00 DEBUG 22592 --- [island-simulation] [] com.VasilevYuV.island.animals.Predator   : Wolf didn't eat, satiety decreased to: 6.079999999999997/12.0
2025-10-29T20:44:19.885+03:00 DEBUG 22592 --- [island-simulation] [] com.VasilevYuV.island.animals.Predator   : Wolf detected prey at [41,8]
2025-10-29T20:44:19.886+03:00 DEBUG 22592 --- [island-simulation] [] com.VasilevYuV.island.animals.Predator   : Wolf detected prey at [47,7]
2025-10-29T20:44:19.886+03:00 DEBUG 22592 --- [island-simulation] [] com.VasilevYuV.island.animals.Predator   : Wolf stays in location - prey detected
2025-10-29T20:44:19.886+03:00 DEBUG 22592 --- [island-simulation] [] com.VasilevYuV.island.animals.Predator   : Wolf didn't eat, satiety decreased to: 1.1599999999999975/12.0
2025-10-29T20:44:19.886+03:00 DEBUG 22592 --- [island-simulation] [] com.VasilevYuV.island.animals.Predator   : Wolf detected prey at [41,8]
2025-10-29T20:44:19.886+03:00 DEBUG 22592 --- [island-simulation] [] com.VasilevYuV.island.animals.Predator   : Wolf didn't eat, satiety decreased to: 6.439999999999999/12.0
2025-10-29T20:44:19.886+03:00 DEBUG 22592 --- [island-simulation] [] com.VasilevYuV.island.animals.Predator   : Wolf detected prey at [41,8]
2025-10-29T20:44:19.886+03:00 DEBUG 22592 --- [island-simulation] [] com.VasilevYuV.island.animals.Predator   : Wolf detected prey at [41,8]
2025-10-29T20:44:19.886+03:00 DEBUG 22592 --- [island-simulation] [] com.VasilevYuV.island.animals.Predator   : Wolf detected prey at [46,7]
2025-10-29T20:44:19.895+03:00 DEBUG 22592 --- [island-simulation] [] com.VasilevYuV.island.animals.Predator   : Wolf moved towards prey to [46,7]
2025-10-29T20:44:19.886+03:00 DEBUG 22592 --- [island-simulation] [] com.VasilevYuV.island.animals.Predator   : Wolf detected prey at [15,1]
2025-10-29T20:44:19.886+03:00 DEBUG 22592 --- [island-simulation] [] com.VasilevYuV.island.animals.Predator   : Wolf detected prey at [18,8]
2025-10-29T20:44:19.887+03:00 DEBUG 22592 --- [island-simulation] [] com.VasilevYuV.island.animals.Predator   : Wolf detected prey at [15,1]
2025-10-29T20:44:19.887+03:00 DEBUG 22592 --- [island-simulation] [] com.VasilevYuV.island.animals.Predator   : Wolf moved randomly to [6,9]
2025-10-29T20:44:19.887+03:00 DEBUG 22592 --- [island-simulation] [pool-2-thread-1] c.V.island.service.SimulationEngine      : Turn 5 completed in 3 ms
2025-10-29T20:44:19.896+03:00 DEBUG 22592 --- [island-simulation] [] com.VasilevYuV.island.animals.Predator   : Wolf didn't eat, satiety decreased to: 4.879999999999997/12.0
2025-10-29T20:44:19.888+03:00 DEBUG 22592 --- [island-simulation] [] com.VasilevYuV.island.animals.Predator   : Wolf moved towards prey to [13,0]
2025-10-29T20:44:19.888+03:00 DEBUG 22592 --- [island-simulation] [] com.VasilevYuV.island.animals.Predator   : Wolf moved towards prey to [14,4]
2025-10-29T20:44:19.888+03:00 DEBUG 22592 --- [island-simulation] [] com.VasilevYuV.island.animals.Predator   : Wolf moved towards prey to [14,1]
2025-10-29T20:44:19.888+03:00 DEBUG 22592 --- [island-simulation] [] com.VasilevYuV.island.animals.Predator   : Wolf didn't eat, satiety decreased to: 4.999999999999997/12.0
2025-10-29T20:44:19.889+03:00 DEBUG 22592 --- [island-simulation] [] com.VasilevYuV.island.animals.Predator   : Wolf moved randomly to [3,5]
2025-10-29T20:44:19.898+03:00 DEBUG 22592 --- [island-simulation] [] com.VasilevYuV.island.animals.Predator   : Wolf didn't eat, satiety decreased to: 1.8799999999999972/12.0
2025-10-29T20:44:19.889+03:00 DEBUG 22592 --- [island-simulation] [] com.VasilevYuV.island.animals.Predator   : Wolf didn't eat, satiety decreased to: 6.800000000000002/12.0
2025-10-29T20:44:19.889+03:00 DEBUG 22592 --- [island-simulation] [] com.VasilevYuV.island.animals.Predator   : Wolf didn't eat, satiety decreased to: 4.2799999999999985/12.0
2025-10-29T20:44:19.889+03:00 DEBUG 22592 --- [island-simulation] [] com.VasilevYuV.island.animals.Predator   : Wolf didn't eat, satiety decreased to: 4.279999999999997/12.0
2025-10-29T20:44:19.890+03:00 DEBUG 22592 --- [island-simulation] [] com.VasilevYuV.island.animals.Predator   : Wolf didn't eat, satiety decreased to: 4.999999999999997/12.0
2025-10-29T20:44:19.890+03:00 DEBUG 22592 --- [island-simulation] [] com.VasilevYuV.island.animals.Predator   : Wolf moved towards prey to [14,2]
2025-10-29T20:44:19.899+03:00 DEBUG 22592 --- [island-simulation] [] com.VasilevYuV.island.animals.Predator   : Wolf didn't eat, satiety decreased to: 4.279999999999997/12.0
2025-10-29T20:44:19.890+03:00 DEBUG 22592 --- [island-simulation] [] com.VasilevYuV.island.animals.Predator   : Wolf moved towards prey to [23,5]
2025-10-29T20:44:19.891+03:00 DEBUG 22592 --- [island-simulation] [] com.VasilevYuV.island.animals.Predator   : Wolf moved towards prey to [22,6]
2025-10-29T20:44:19.892+03:00 DEBUG 22592 --- [island-simulation] [] com.VasilevYuV.island.animals.Predator   : Wolf moved towards prey to [43,8]
2025-10-29T20:44:19.892+03:00 DEBUG 22592 --- [island-simulation] [] com.VasilevYuV.island.animals.Predator   : Wolf moved towards prey to [41,9]
2025-10-29T20:44:19.893+03:00 DEBUG 22592 --- [island-simulation] [] com.VasilevYuV.island.animals.Predator   : Wolf moved towards prey to [45,5]
2025-10-29T20:44:19.901+03:00 DEBUG 22592 --- [island-simulation] [] com.VasilevYuV.island.animals.Predator   : Wolf didn't eat, satiety decreased to: 4.999999999999997/12.0
2025-10-29T20:44:19.893+03:00 DEBUG 22592 --- [island-simulation] [] com.VasilevYuV.island.animals.Predator   : Wolf didn't eat, satiety decreased to: 7.159999999999999/12.0
2025-10-29T20:44:19.893+03:00 DEBUG 22592 --- [island-simulation] [] com.VasilevYuV.island.animals.Predator   : Wolf moved towards prey to [43,8]
2025-10-29T20:44:19.895+03:00 DEBUG 22592 --- [island-simulation] [] com.VasilevYuV.island.animals.Predator   : Wolf moved towards prey to [42,9]
2025-10-29T20:44:19.895+03:00 DEBUG 22592 --- [island-simulation] [] com.VasilevYuV.island.animals.Predator   : Wolf moved towards prey to [39,6]
2025-10-29T20:44:19.902+03:00 DEBUG 22592 --- [island-simulation] [] com.VasilevYuV.island.animals.Predator   : Wolf didn't eat, satiety decreased to: 3.5599999999999965/12.0
2025-10-29T20:44:19.895+03:00 DEBUG 22592 --- [island-simulation] [] com.VasilevYuV.island.animals.Predator   : Wolf didn't eat, satiety decreased to: 0.4399999999999974/12.0
2025-10-29T20:44:19.895+03:00 DEBUG 22592 --- [island-simulation] [] com.VasilevYuV.island.animals.Predator   : Wolf moved towards prey to [11,3]
2025-10-29T20:44:19.896+03:00 DEBUG 22592 --- [island-simulation] [] com.VasilevYuV.island.animals.Predator   : Wolf moved towards prey to [17,5]
2025-10-29T20:44:19.896+03:00 DEBUG 22592 --- [island-simulation] [] com.VasilevYuV.island.animals.Predator   : Wolf moved towards prey to [12,1]
2025-10-29T20:44:19.897+03:00 DEBUG 22592 --- [island-simulation] [] com.VasilevYuV.island.animals.Predator   : Wolf didn't eat, satiety decreased to: 4.279999999999997/12.0
2025-10-29T20:44:19.897+03:00 DEBUG 22592 --- [island-simulation] [] com.VasilevYuV.island.animals.Predator   : Wolf didn't eat, satiety decreased to: 6.6800000000000015/12.0
2025-10-29T20:44:19.897+03:00 DEBUG 22592 --- [island-simulation] [] com.VasilevYuV.island.animals.Predator   : Wolf didn't eat, satiety decreased to: 7.159999999999999/12.0
2025-10-29T20:44:19.898+03:00 DEBUG 22592 --- [island-simulation] [] com.VasilevYuV.island.animals.Predator   : Wolf moved randomly to [0,6]
2025-10-29T20:44:19.904+03:00 DEBUG 22592 --- [island-simulation] [] com.VasilevYuV.island.animals.Predator   : Wolf detected prey at [15,1]
2025-10-29T20:44:19.900+03:00 DEBUG 22592 --- [island-simulation] [] com.VasilevYuV.island.animals.Predator   : Wolf didn't eat, satiety decreased to: 2.1199999999999988/12.0
2025-10-29T20:44:19.904+03:00 DEBUG 22592 --- [island-simulation] [] com.VasilevYuV.island.animals.Predator   : Wolf moved towards prey to [15,0]
2025-10-29T20:44:19.900+03:00 DEBUG 22592 --- [island-simulation] [] com.VasilevYuV.island.animals.Predator   : Wolf didn't eat, satiety decreased to: 4.999999999999997/12.0
2025-10-29T20:44:19.900+03:00 DEBUG 22592 --- [island-simulation] [] com.VasilevYuV.island.animals.Predator   : Wolf didn't eat, satiety decreased to: 1.1599999999999988/12.0
2025-10-29T20:44:19.901+03:00 DEBUG 22592 --- [island-simulation] [] com.VasilevYuV.island.animals.Predator   : Wolf didn't eat, satiety decreased to: 4.999999999999997/12.0
2025-10-29T20:44:19.902+03:00 DEBUG 22592 --- [island-simulation] [] com.VasilevYuV.island.animals.Predator   : Wolf didn't eat, satiety decreased to: 6.439999999999999/12.0
2025-10-29T20:44:19.902+03:00 DEBUG 22592 --- [island-simulation] [] com.VasilevYuV.island.animals.Predator   : Wolf didn't eat, satiety decreased to: 3.4399999999999964/12.0
2025-10-29T20:44:19.903+03:00 DEBUG 22592 --- [island-simulation] [] com.VasilevYuV.island.animals.Predator   : Wolf didn't eat, satiety decreased to: 4.279999999999997/12.0
2025-10-29T20:44:19.903+03:00 DEBUG 22592 --- [island-simulation] [] com.VasilevYuV.island.animals.Predator   : Wolf didn't eat, satiety decreased to: 1.399999999999996/12.0
2025-10-29T20:44:19.906+03:00 DEBUG 22592 --- [island-simulation] [] com.VasilevYuV.island.animals.Predator   : Wolf detected prey at [15,1]
2025-10-29T20:44:19.906+03:00 DEBUG 22592 --- [island-simulation] [] com.VasilevYuV.island.animals.Predator   : Wolf moved towards prey to [14,0]
2025-10-29T20:44:19.906+03:00 DEBUG 22592 --- [island-simulation] [] com.VasilevYuV.island.animals.Predator   : Wolf didn't eat, satiety decreased to: 6.439999999999999/12.0
2025-10-29T20:44:19.904+03:00 DEBUG 22592 --- [island-simulation] [] com.VasilevYuV.island.animals.Predator   : Wolf didn't eat, satiety decreased to: 3.5599999999999965/12.0
2025-10-29T20:44:19.904+03:00 DEBUG 22592 --- [island-simulation] [] com.VasilevYuV.island.animals.Predator   : Wolf didn't eat, satiety decreased to: 9.680000000000001/12.0
2025-10-29T20:44:19.904+03:00 DEBUG 22592 --- [island-simulation] [] com.VasilevYuV.island.animals.Predator   : Wolf didn't eat, satiety decreased to: 6.439999999999999/12.0
2025-10-29T20:44:19.905+03:00 DEBUG 22592 --- [island-simulation] [] com.VasilevYuV.island.animals.Animal     : Wolf reproduced! Population: 3/10, probability: 0.6000000000000001
2025-10-29T20:44:19.907+03:00 DEBUG 22592 --- [island-simulation] [] com.VasilevYuV.island.animals.Predator   : Wolf detected prey at [15,1]
2025-10-29T20:44:19.907+03:00 DEBUG 22592 --- [island-simulation] [] com.VasilevYuV.island.animals.Predator   : Wolf moved towards prey to [14,1]
2025-10-29T20:44:19.907+03:00 DEBUG 22592 --- [island-simulation] [] com.VasilevYuV.island.animals.Predator   : Wolf didn't eat, satiety decreased to: 5.120000000000002/12.0
2025-10-29T20:44:19.907+03:00 DEBUG 22592 --- [island-simulation] [] com.VasilevYuV.island.animals.Animal     : Wolf reproduced! Population: 3/10, probability: 0.6000000000000001
2025-10-29T20:44:20.884+03:00 DEBUG 22592 --- [island-simulation] [] com.VasilevYuV.island.animals.Predator   : Wolf didn't eat, satiety decreased to: 0.6799999999999958/12.0
2025-10-29T20:44:20.886+03:00 DEBUG 22592 --- [island-simulation] [] com.VasilevYuV.island.animals.Predator   : Wolf detected prey at [42,9]
2025-10-29T20:44:20.884+03:00 DEBUG 22592 --- [island-simulation] [] com.VasilevYuV.island.animals.Predator   : Wolf stays in location - prey detected
2025-10-29T20:44:20.884+03:00 DEBUG 22592 --- [island-simulation] [] com.VasilevYuV.island.animals.Predator   : Wolf didn't eat, satiety decreased to: 0.4399999999999987/12.0
2025-10-29T20:44:20.884+03:00 DEBUG 22592 --- [island-simulation] [] com.VasilevYuV.island.animals.Predator   : Wolf didn't eat, satiety decreased to: 3.5599999999999983/12.0
2025-10-29T20:44:20.884+03:00 DEBUG 22592 --- [island-simulation] [] com.VasilevYuV.island.animals.Predator   : Wolf detected prey at [15,1]
2025-10-29T20:44:20.884+03:00 DEBUG 22592 --- [island-simulation] [] com.VasilevYuV.island.animals.Predator   : Wolf detected prey at [15,1]
2025-10-29T20:44:20.884+03:00 DEBUG 22592 --- [island-simulation] [] com.VasilevYuV.island.animals.Predator   : Wolf detected prey at [15,1]
2025-10-29T20:44:20.884+03:00 DEBUG 22592 --- [island-simulation] [] com.VasilevYuV.island.animals.Predator   : Wolf didn't eat, satiety decreased to: 5.719999999999998/12.0
2025-10-29T20:44:20.884+03:00 DEBUG 22592 --- [island-simulation] [] com.VasilevYuV.island.animals.Predator   : Wolf detected prey at [15,1]
2025-10-29T20:44:20.888+03:00 DEBUG 22592 --- [island-simulation] [] com.VasilevYuV.island.animals.Predator   : Wolf moved towards prey to [17,3]
2025-10-29T20:44:20.888+03:00 DEBUG 22592 --- [island-simulation] [] com.VasilevYuV.island.animals.Predator   : Wolf didn't eat, satiety decreased to: 5.719999999999998/12.0
2025-10-29T20:44:20.884+03:00 DEBUG 22592 --- [island-simulation] [] com.VasilevYuV.island.animals.Predator   : Wolf didn't eat, satiety decreased to: 4.279999999999997/12.0
2025-10-29T20:44:20.884+03:00 DEBUG 22592 --- [island-simulation] [] com.VasilevYuV.island.animals.Predator   : Wolf didn't eat, satiety decreased to: 4.279999999999997/12.0
2025-10-29T20:44:20.884+03:00 DEBUG 22592 --- [island-simulation] [] com.VasilevYuV.island.animals.Predator   : Wolf didn't eat, satiety decreased to: 0.4399999999999987/12.0
2025-10-29T20:44:20.884+03:00 DEBUG 22592 --- [island-simulation] [] com.VasilevYuV.island.animals.Predator   : Wolf stays in location - prey detected
2025-10-29T20:44:20.884+03:00 DEBUG 22592 --- [island-simulation] [] com.VasilevYuV.island.animals.Predator   : Wolf didn't eat, satiety decreased to: 4.279999999999997/12.0
2025-10-29T20:44:20.885+03:00 DEBUG 22592 --- [island-simulation] [] com.VasilevYuV.island.animals.Predator   : Wolf detected prey at [42,9]
2025-10-29T20:44:20.885+03:00 DEBUG 22592 --- [island-simulation] [] com.VasilevYuV.island.animals.Predator   : Wolf stays in location - prey detected
2025-10-29T20:44:20.885+03:00 DEBUG 22592 --- [island-simulation] [] com.VasilevYuV.island.animals.Predator   : Wolf detected prey at [18,8]
2025-10-29T20:44:20.885+03:00 DEBUG 22592 --- [island-simulation] [] com.VasilevYuV.island.animals.Predator   : Wolf didn't eat, satiety decreased to: 5.359999999999997/12.0
2025-10-29T20:44:20.890+03:00 DEBUG 22592 --- [island-simulation] [] com.VasilevYuV.island.animals.Predator   : Wolf moved towards prey to [17,9]
2025-10-29T20:44:20.885+03:00 DEBUG 22592 --- [island-simulation] [] com.VasilevYuV.island.animals.Predator   : Wolf detected prey at [46,8]
2025-10-29T20:44:20.885+03:00 DEBUG 22592 --- [island-simulation] [] com.VasilevYuV.island.animals.Predator   : Wolf didn't eat, satiety decreased to: 2.119999999999996/12.0
2025-10-29T20:44:20.885+03:00 DEBUG 22592 --- [island-simulation] [] com.VasilevYuV.island.animals.Predator   : Wolf didn't eat, satiety decreased to: 2.719999999999996/12.0
2025-10-29T20:44:20.885+03:00 DEBUG 22592 --- [island-simulation] [] com.VasilevYuV.island.animals.Predator   : Wolf didn't eat, satiety decreased to: 2.8399999999999963/12.0
2025-10-29T20:44:20.885+03:00 DEBUG 22592 --- [island-simulation] [] com.VasilevYuV.island.animals.Predator   : Wolf detected prey at [15,1]
2025-10-29T20:44:20.885+03:00 DEBUG 22592 --- [island-simulation] [] com.VasilevYuV.island.animals.Predator   : Wolf detected prey at [15,1]
2025-10-29T20:44:20.891+03:00 DEBUG 22592 --- [island-simulation] [] com.VasilevYuV.island.animals.Predator   : Wolf moved towards prey to [17,0]
2025-10-29T20:44:20.886+03:00 DEBUG 22592 --- [island-simulation] [] com.VasilevYuV.island.animals.Predator   : Wolf detected prey at [15,1]
2025-10-29T20:44:20.891+03:00 DEBUG 22592 --- [island-simulation] [] com.VasilevYuV.island.animals.Predator   : Wolf didn't eat, satiety decreased to: 3.5599999999999965/12.0
2025-10-29T20:44:20.886+03:00 DEBUG 22592 --- [island-simulation] [] com.VasilevYuV.island.animals.Predator   : Wolf moved randomly to [2,8]
2025-10-29T20:44:20.891+03:00 DEBUG 22592 --- [island-simulation] [] com.VasilevYuV.island.animals.Predator   : Wolf didn't eat, satiety decreased to: 8.960000000000003/12.0
2025-10-29T20:44:20.886+03:00 DEBUG 22592 --- [island-simulation] [pool-2-thread-1] c.V.island.service.SimulationEngine      : Turn 6 completed in 2 ms
2025-10-29T20:44:20.886+03:00 DEBUG 22592 --- [island-simulation] [] com.VasilevYuV.island.animals.Predator   : Wolf didn't eat, satiety decreased to: 1.159999999999997/12.0
2025-10-29T20:44:20.886+03:00 DEBUG 22592 --- [island-simulation] [] com.VasilevYuV.island.animals.Predator   : Wolf moved randomly to [3,9]
2025-10-29T20:44:20.886+03:00 DEBUG 22592 --- [island-simulation] [] com.VasilevYuV.island.animals.Predator   : Wolf moved towards prey to [40,9]
2025-10-29T20:44:20.892+03:00 DEBUG 22592 --- [island-simulation] [] com.VasilevYuV.island.animals.Predator   : Wolf didn't eat, satiety decreased to: 1.399999999999996/12.0
2025-10-29T20:44:20.886+03:00 DEBUG 22592 --- [island-simulation] [] com.VasilevYuV.island.animals.Predator   : Wolf ate Rabbit and gained 2.4000000000000004 nutrition, satiety: 2.479999999999996/12.0
2025-10-29T20:44:20.887+03:00 DEBUG 22592 --- [island-simulation] [] com.VasilevYuV.island.animals.Predator   : Wolf moved towards prey to [13,3]
2025-10-29T20:44:20.893+03:00 DEBUG 22592 --- [island-simulation] [] com.VasilevYuV.island.animals.Predator   : Wolf didn't eat, satiety decreased to: 4.999999999999997/12.0
2025-10-29T20:44:20.887+03:00 DEBUG 22592 --- [island-simulation] [] com.VasilevYuV.island.animals.Predator   : Wolf moved towards prey to [15,1]
2025-10-29T20:44:20.894+03:00 DEBUG 22592 --- [island-simulation] [] com.VasilevYuV.island.animals.Predator   : Wolf didn't eat, satiety decreased to: 5.360000000000002/12.0
2025-10-29T20:44:20.888+03:00 DEBUG 22592 --- [island-simulation] [] com.VasilevYuV.island.animals.Predator   : Wolf moved towards prey to [15,0]
2025-10-29T20:44:20.894+03:00 DEBUG 22592 --- [island-simulation] [] com.VasilevYuV.island.animals.Predator   : Wolf didn't eat, satiety decreased to: 3.5599999999999965/12.0
2025-10-29T20:44:20.888+03:00 DEBUG 22592 --- [island-simulation] [] com.VasilevYuV.island.animals.Predator   : Wolf detected prey at [17,7]
2025-10-29T20:44:20.888+03:00 DEBUG 22592 --- [island-simulation] [] com.VasilevYuV.island.animals.Predator   : Wolf didn't eat, satiety decreased to: 3.5599999999999965/12.0
2025-10-29T20:44:20.894+03:00 DEBUG 22592 --- [island-simulation] [] com.VasilevYuV.island.animals.Predator   : Wolf moved towards prey to [16,4]
2025-10-29T20:44:20.889+03:00 DEBUG 22592 --- [island-simulation] [] com.VasilevYuV.island.animals.Predator   : Wolf detected prey at [42,9]
2025-10-29T20:44:20.889+03:00 DEBUG 22592 --- [island-simulation] [] com.VasilevYuV.island.animals.Predator   : Wolf ate Rabbit and gained 2.4000000000000004 nutrition, satiety: 3.919999999999999/12.0
2025-10-29T20:44:20.890+03:00 DEBUG 22592 --- [island-simulation] [] com.VasilevYuV.island.animals.Predator   : Wolf moved towards prey to [42,9]
2025-10-29T20:44:20.890+03:00 DEBUG 22592 --- [island-simulation] [] com.VasilevYuV.island.animals.Predator   : Wolf ate Rabbit and gained 2.4000000000000004 nutrition, satiety: 6.0799999999999965/12.0
2025-10-29T20:44:20.890+03:00 DEBUG 22592 --- [island-simulation] [] com.VasilevYuV.island.animals.Predator   : Wolf didn't eat, satiety decreased to: 3.5599999999999965/12.0
2025-10-29T20:44:20.891+03:00 DEBUG 22592 --- [island-simulation] [] com.VasilevYuV.island.animals.Predator   : Wolf moved towards prey to [44,8]
2025-10-29T20:44:20.891+03:00 DEBUG 22592 --- [island-simulation] [] com.VasilevYuV.island.animals.Predator   : Wolf moved towards prey to [14,2]
2025-10-29T20:44:20.891+03:00 DEBUG 22592 --- [island-simulation] [] com.VasilevYuV.island.animals.Predator   : Wolf moved towards prey to [9,6]
2025-10-29T20:44:20.896+03:00 DEBUG 22592 --- [island-simulation] [] com.VasilevYuV.island.animals.Predator   : Wolf didn't eat, satiety decreased to: 2.8399999999999963/12.0
2025-10-29T20:44:20.892+03:00 DEBUG 22592 --- [island-simulation] [] com.VasilevYuV.island.animals.Predator   : Wolf didn't eat, satiety decreased to: 0.43999999999999695/12.0
2025-10-29T20:44:20.893+03:00 DEBUG 22592 --- [island-simulation] [] com.VasilevYuV.island.animals.Predator   : Wolf detected prey at [17,7]
2025-10-29T20:44:20.896+03:00 DEBUG 22592 --- [island-simulation] [] com.VasilevYuV.island.animals.Predator   : Wolf moved towards prey to [19,4]
2025-10-29T20:44:20.897+03:00 DEBUG 22592 --- [island-simulation] [] com.VasilevYuV.island.animals.Predator   : Wolf didn't eat, satiety decreased to: 1.7599999999999958/12.0
2025-10-29T20:44:20.895+03:00 DEBUG 22592 --- [island-simulation] [] com.VasilevYuV.island.animals.Predator   : Wolf didn't eat, satiety decreased to: 2.0000000000000013/12.0
2025-10-29T20:44:20.898+03:00 DEBUG 22592 --- [island-simulation] [] com.VasilevYuV.island.animals.Predator   : Wolf didn't eat, satiety decreased to: 7.88/12.0
2025-10-29T20:44:20.895+03:00 DEBUG 22592 --- [island-simulation] [] com.VasilevYuV.island.animals.Predator   : Wolf moved towards prey to [41,9]
2025-10-29T20:44:20.898+03:00 DEBUG 22592 --- [island-simulation] [] com.VasilevYuV.island.animals.Predator   : Wolf didn't eat, satiety decreased to: 3.319999999999998/12.0
2025-10-29T20:44:20.898+03:00 DEBUG 22592 --- [island-simulation] [] com.VasilevYuV.island.animals.Predator   : Wolf didn't eat, satiety decreased to: 7.88/12.0
2025-10-29T20:44:20.895+03:00 DEBUG 22592 --- [island-simulation] [] com.VasilevYuV.island.animals.Predator   : Wolf didn't eat, satiety decreased to: 5.360000000000002/12.0
2025-10-29T20:44:20.895+03:00 DEBUG 22592 --- [island-simulation] [] com.VasilevYuV.island.animals.Animal     : Wolf reproduced! Population: 3/10, probability: 0.6000000000000001
2025-10-29T20:44:20.896+03:00 DEBUG 22592 --- [island-simulation] [] com.VasilevYuV.island.animals.Predator   : Wolf didn't eat, satiety decreased to: 5.719999999999998/12.0
2025-10-29T20:44:20.896+03:00 DEBUG 22592 --- [island-simulation] [] com.VasilevYuV.island.animals.Predator   : Wolf didn't eat, satiety decreased to: 3.5599999999999974/12.0
2025-10-29T20:44:20.897+03:00 DEBUG 22592 --- [island-simulation] [] com.VasilevYuV.island.animals.Predator   : Wolf moved randomly to [6,9]
2025-10-29T20:44:20.900+03:00 DEBUG 22592 --- [island-simulation] [] com.VasilevYuV.island.animals.Predator   : Wolf didn't eat, satiety decreased to: 1.399999999999996/12.0
2025-10-29T20:44:21.884+03:00 DEBUG 22592 --- [island-simulation] [] com.VasilevYuV.island.animals.Predator   : Wolf detected prey at [17,7]
2025-10-29T20:44:21.886+03:00 DEBUG 22592 --- [island-simulation] [] com.VasilevYuV.island.animals.Predator   : Wolf detected prey at [16,6]
2025-10-29T20:44:21.884+03:00 DEBUG 22592 --- [island-simulation] [] com.VasilevYuV.island.animals.Predator   : Wolf didn't eat, satiety decreased to: 0.6799999999999958/12.0
2025-10-29T20:44:21.884+03:00 DEBUG 22592 --- [island-simulation] [] com.VasilevYuV.island.animals.Predator   : Wolf didn't eat, satiety decreased to: 2.599999999999998/12.0
2025-10-29T20:44:21.884+03:00 DEBUG 22592 --- [island-simulation] [] com.VasilevYuV.island.animals.Predator   : Wolf detected prey at [46,8]
2025-10-29T20:44:21.884+03:00 DEBUG 22592 --- [island-simulation] [] com.VasilevYuV.island.animals.Predator   : Wolf didn't eat, satiety decreased to: 7.159999999999999/12.0
2025-10-29T20:44:21.884+03:00 DEBUG 22592 --- [island-simulation] [] com.VasilevYuV.island.animals.Predator   : Wolf detected prey at [46,8]
2025-10-29T20:44:21.884+03:00 DEBUG 22592 --- [island-simulation] [] com.VasilevYuV.island.animals.Predator   : Wolf detected prey at [46,8]
2025-10-29T20:44:21.884+03:00 DEBUG 22592 --- [island-simulation] [] com.VasilevYuV.island.animals.Predator   : Wolf detected prey at [46,8]
2025-10-29T20:44:21.884+03:00 DEBUG 22592 --- [island-simulation] [] com.VasilevYuV.island.animals.Predator   : Wolf didn't eat, satiety decreased to: 0.5599999999999958/12.0
2025-10-29T20:44:21.888+03:00 DEBUG 22592 --- [island-simulation] [] com.VasilevYuV.island.animals.Predator   : Wolf died from hunger
2025-10-29T20:44:21.884+03:00 DEBUG 22592 --- [island-simulation] [] com.VasilevYuV.island.animals.Predator   : Wolf detected prey at [46,8]
2025-10-29T20:44:21.885+03:00 DEBUG 22592 --- [island-simulation] [] com.VasilevYuV.island.animals.Predator   : Wolf detected prey at [17,7]
2025-10-29T20:44:21.885+03:00 DEBUG 22592 --- [island-simulation] [] com.VasilevYuV.island.animals.Predator   : Wolf detected prey at [17,7]
2025-10-29T20:44:21.885+03:00 DEBUG 22592 --- [island-simulation] [] com.VasilevYuV.island.animals.Predator   : Wolf detected prey at [17,7]
2025-10-29T20:44:21.885+03:00 DEBUG 22592 --- [island-simulation] [] com.VasilevYuV.island.animals.Predator   : Wolf detected prey at [16,6]
2025-10-29T20:44:21.885+03:00 DEBUG 22592 --- [island-simulation] [] com.VasilevYuV.island.animals.Predator   : Wolf didn't eat, satiety decreased to: 4.999999999999997/12.0
2025-10-29T20:44:21.885+03:00 DEBUG 22592 --- [island-simulation] [] com.VasilevYuV.island.animals.Predator   : Wolf didn't eat, satiety decreased to: 0.6799999999999958/12.0
2025-10-29T20:44:21.885+03:00 DEBUG 22592 --- [island-simulation] [] com.VasilevYuV.island.animals.Predator   : Wolf didn't eat, satiety decreased to: 2.839999999999998/12.0
2025-10-29T20:44:21.885+03:00 DEBUG 22592 --- [island-simulation] [] com.VasilevYuV.island.animals.Predator   : Wolf detected prey at [16,6]
2025-10-29T20:44:21.885+03:00 DEBUG 22592 --- [island-simulation] [] com.VasilevYuV.island.animals.Predator   : Wolf detected prey at [16,6]
2025-10-29T20:44:21.885+03:00 DEBUG 22592 --- [island-simulation] [] com.VasilevYuV.island.animals.Predator   : Wolf didn't eat, satiety decreased to: 4.639999999999996/12.0
2025-10-29T20:44:21.885+03:00 DEBUG 22592 --- [island-simulation] [] com.VasilevYuV.island.animals.Predator   : Wolf detected prey at [16,6]
2025-10-29T20:44:21.885+03:00 DEBUG 22592 --- [island-simulation] [] com.VasilevYuV.island.animals.Predator   : Wolf didn't eat, satiety decreased to: 1.0399999999999956/12.0
2025-10-29T20:44:21.885+03:00 DEBUG 22592 --- [island-simulation] [] com.VasilevYuV.island.animals.Predator   : Wolf detected prey at [16,6]
2025-10-29T20:44:21.885+03:00 DEBUG 22592 --- [island-simulation] [] com.VasilevYuV.island.animals.Predator   : Wolf detected prey at [16,6]
2025-10-29T20:44:21.885+03:00 DEBUG 22592 --- [island-simulation] [] com.VasilevYuV.island.animals.Predator   : Wolf detected prey at [16,6]
2025-10-29T20:44:21.885+03:00 DEBUG 22592 --- [island-simulation] [] com.VasilevYuV.island.animals.Predator   : Wolf moved randomly to [9,2]
2025-10-29T20:44:21.885+03:00 DEBUG 22592 --- [island-simulation] [] com.VasilevYuV.island.animals.Predator   : Wolf didn't eat, satiety decreased to: 8.240000000000004/12.0
2025-10-29T20:44:21.885+03:00 DEBUG 22592 --- [island-simulation] [] com.VasilevYuV.island.animals.Predator   : Wolf detected prey at [16,6]
2025-10-29T20:44:21.885+03:00 DEBUG 22592 --- [island-simulation] [pool-2-thread-1] c.V.island.service.SimulationEngine      : Turn 7 completed in 1 ms
2025-10-29T20:44:21.886+03:00 DEBUG 22592 --- [island-simulation] [] com.VasilevYuV.island.animals.Predator   : Wolf moved towards prey to [19,7]
2025-10-29T20:44:21.886+03:00 DEBUG 22592 --- [island-simulation] [] com.VasilevYuV.island.animals.Predator   : Wolf moved towards prey to [16,4]
2025-10-29T20:44:21.891+03:00 DEBUG 22592 --- [island-simulation] [] com.VasilevYuV.island.animals.Predator   : Wolf didn't eat, satiety decreased to: 2.119999999999996/12.0
2025-10-29T20:44:21.886+03:00 DEBUG 22592 --- [island-simulation] [] com.VasilevYuV.island.animals.Predator   : Wolf detected prey at [16,6]
2025-10-29T20:44:21.886+03:00 DEBUG 22592 --- [island-simulation] [] com.VasilevYuV.island.animals.Predator   : Wolf moved towards prey to [48,8]
2025-10-29T20:44:21.887+03:00 DEBUG 22592 --- [island-simulation] [] com.VasilevYuV.island.animals.Predator   : Wolf moved towards prey to [43,8]
2025-10-29T20:44:21.887+03:00 DEBUG 22592 --- [island-simulation] [] com.VasilevYuV.island.animals.Predator   : Wolf moved towards prey to [46,8]
2025-10-29T20:44:21.887+03:00 DEBUG 22592 --- [island-simulation] [] com.VasilevYuV.island.animals.Predator   : Wolf moved towards prey to [46,8]
2025-10-29T20:44:21.888+03:00 DEBUG 22592 --- [island-simulation] [] com.VasilevYuV.island.animals.Predator   : Wolf moved towards prey to [46,8]
2025-10-29T20:44:21.889+03:00 DEBUG 22592 --- [island-simulation] [] com.VasilevYuV.island.animals.Predator   : Wolf moved towards prey to [19,7]
2025-10-29T20:44:21.889+03:00 DEBUG 22592 --- [island-simulation] [] com.VasilevYuV.island.animals.Predator   : Wolf moved towards prey to [14,7]
2025-10-29T20:44:21.889+03:00 DEBUG 22592 --- [island-simulation] [] com.VasilevYuV.island.animals.Predator   : Wolf moved towards prey to [17,7]
2025-10-29T20:44:21.889+03:00 DEBUG 22592 --- [island-simulation] [] com.VasilevYuV.island.animals.Predator   : Wolf moved towards prey to [12,5]
2025-10-29T20:44:21.889+03:00 DEBUG 22592 --- [island-simulation] [] com.VasilevYuV.island.animals.Predator   : Wolf moved towards prey to [16,3]
2025-10-29T20:44:21.889+03:00 DEBUG 22592 --- [island-simulation] [] com.VasilevYuV.island.animals.Predator   : Wolf moved towards prey to [18,5]
2025-10-29T20:44:21.889+03:00 DEBUG 22592 --- [island-simulation] [] com.VasilevYuV.island.animals.Predator   : Wolf moved towards prey to [15,8]
2025-10-29T20:44:21.890+03:00 DEBUG 22592 --- [island-simulation] [] com.VasilevYuV.island.animals.Predator   : Wolf moved towards prey to [14,4]
2025-10-29T20:44:21.890+03:00 DEBUG 22592 --- [island-simulation] [] com.VasilevYuV.island.animals.Predator   : Wolf moved towards prey to [16,3]
2025-10-29T20:44:21.890+03:00 DEBUG 22592 --- [island-simulation] [] com.VasilevYuV.island.animals.Predator   : Wolf moved towards prey to [17,7]
2025-10-29T20:44:21.890+03:00 DEBUG 22592 --- [island-simulation] [] com.VasilevYuV.island.animals.Predator   : Wolf didn't eat, satiety decreased to: 0.0/12.0
2025-10-29T20:44:21.890+03:00 DEBUG 22592 --- [island-simulation] [] com.VasilevYuV.island.animals.Predator   : Wolf moved towards prey to [13,5]
2025-10-29T20:44:21.891+03:00 DEBUG 22592 --- [island-simulation] [] com.VasilevYuV.island.animals.Predator   : Wolf didn't eat, satiety decreased to: 1.2800000000000011/12.0
2025-10-29T20:44:21.891+03:00 DEBUG 22592 --- [island-simulation] [] com.VasilevYuV.island.animals.Predator   : Wolf moved towards prey to [13,6]
2025-10-29T20:44:21.893+03:00 DEBUG 22592 --- [island-simulation] [] com.VasilevYuV.island.animals.Predator   : Wolf didn't eat, satiety decreased to: 3.5599999999999965/12.0
2025-10-29T20:44:21.893+03:00 DEBUG 22592 --- [island-simulation] [] com.VasilevYuV.island.animals.Predator   : Wolf didn't eat, satiety decreased to: 1.8799999999999977/12.0
2025-10-29T20:44:21.893+03:00 DEBUG 22592 --- [island-simulation] [] com.VasilevYuV.island.animals.Predator   : Wolf didn't eat, satiety decreased to: 4.999999999999997/12.0
2025-10-29T20:44:21.893+03:00 DEBUG 22592 --- [island-simulation] [] com.VasilevYuV.island.animals.Predator   : Wolf didn't eat, satiety decreased to: 2.959999999999996/12.0
2025-10-29T20:44:21.894+03:00 DEBUG 22592 --- [island-simulation] [] com.VasilevYuV.island.animals.Predator   : Wolf didn't eat, satiety decreased to: 2.839999999999996/12.0
2025-10-29T20:44:21.897+03:00 DEBUG 22592 --- [island-simulation] [] com.VasilevYuV.island.animals.Predator   : Wolf didn't eat, satiety decreased to: 4.279999999999997/12.0
2025-10-29T20:44:21.894+03:00 DEBUG 22592 --- [island-simulation] [] com.VasilevYuV.island.animals.Predator   : Wolf didn't eat, satiety decreased to: 3.199999999999999/12.0
2025-10-29T20:44:21.894+03:00 DEBUG 22592 --- [island-simulation] [] com.VasilevYuV.island.animals.Predator   : Wolf didn't eat, satiety decreased to: 4.279999999999997/12.0
2025-10-29T20:44:21.895+03:00 DEBUG 22592 --- [island-simulation] [] com.VasilevYuV.island.animals.Predator   : Wolf didn't eat, satiety decreased to: 4.159999999999997/12.0
2025-10-29T20:44:21.895+03:00 DEBUG 22592 --- [island-simulation] [] com.VasilevYuV.island.animals.Predator   : Wolf didn't eat, satiety decreased to: 0.0/12.0
2025-10-29T20:44:21.898+03:00 DEBUG 22592 --- [island-simulation] [] com.VasilevYuV.island.animals.Predator   : Wolf detected prey at [16,6]
2025-10-29T20:44:21.895+03:00 DEBUG 22592 --- [island-simulation] [] com.VasilevYuV.island.animals.Predator   : Wolf didn't eat, satiety decreased to: 4.6400000000000015/12.0
2025-10-29T20:44:21.895+03:00 DEBUG 22592 --- [island-simulation] [] com.VasilevYuV.island.animals.Predator   : Wolf didn't eat, satiety decreased to: 2.8399999999999963/12.0
2025-10-29T20:44:21.895+03:00 DEBUG 22592 --- [island-simulation] [] com.VasilevYuV.island.animals.Predator   : Wolf didn't eat, satiety decreased to: 2.719999999999996/12.0
2025-10-29T20:44:21.896+03:00 DEBUG 22592 --- [island-simulation] [] com.VasilevYuV.island.animals.Predator   : Wolf didn't eat, satiety decreased to: 4.0399999999999965/12.0
2025-10-29T20:44:21.896+03:00 DEBUG 22592 --- [island-simulation] [] com.VasilevYuV.island.animals.Predator   : Wolf didn't eat, satiety decreased to: 2.8399999999999963/12.0
2025-10-29T20:44:21.896+03:00 DEBUG 22592 --- [island-simulation] [] com.VasilevYuV.island.animals.Predator   : Wolf didn't eat, satiety decreased to: 3.9199999999999964/12.0
2025-10-29T20:44:21.896+03:00 DEBUG 22592 --- [island-simulation] [] com.VasilevYuV.island.animals.Predator   : Wolf died from hunger
2025-10-29T20:44:21.896+03:00 DEBUG 22592 --- [island-simulation] [] com.VasilevYuV.island.animals.Predator   : Wolf didn't eat, satiety decreased to: 3.9199999999999955/12.0
2025-10-29T20:44:21.897+03:00 DEBUG 22592 --- [island-simulation] [] com.VasilevYuV.island.animals.Predator   : Wolf didn't eat, satiety decreased to: 2.839999999999997/12.0
2025-10-29T20:44:21.899+03:00 DEBUG 22592 --- [island-simulation] [] com.VasilevYuV.island.animals.Predator   : Wolf detected prey at [16,6]
2025-10-29T20:44:21.897+03:00 DEBUG 22592 --- [island-simulation] [] com.VasilevYuV.island.animals.Predator   : Wolf detected prey at [16,6]
2025-10-29T20:44:21.897+03:00 DEBUG 22592 --- [island-simulation] [] com.VasilevYuV.island.animals.Predator   : Wolf detected prey at [46,9]
2025-10-29T20:44:21.898+03:00 DEBUG 22592 --- [island-simulation] [] com.VasilevYuV.island.animals.Predator   : Wolf died from hunger
2025-10-29T20:44:21.898+03:00 DEBUG 22592 --- [island-simulation] [] com.VasilevYuV.island.animals.Predator   : Wolf moved towards prey to [17,4]
2025-10-29T20:44:21.899+03:00 DEBUG 22592 --- [island-simulation] [] com.VasilevYuV.island.animals.Predator   : Wolf detected prey at [16,6]
2025-10-29T20:44:21.899+03:00 DEBUG 22592 --- [island-simulation] [] com.VasilevYuV.island.animals.Predator   : Wolf detected prey at [16,6]
2025-10-29T20:44:21.900+03:00 DEBUG 22592 --- [island-simulation] [] com.VasilevYuV.island.animals.Predator   : Wolf moved towards prey to [17,3]
2025-10-29T20:44:21.900+03:00 DEBUG 22592 --- [island-simulation] [] com.VasilevYuV.island.animals.Predator   : Wolf moved towards prey to [16,7]
2025-10-29T20:44:21.900+03:00 DEBUG 22592 --- [island-simulation] [] com.VasilevYuV.island.animals.Predator   : Wolf moved towards prey to [45,9]
2025-10-29T20:44:21.900+03:00 DEBUG 22592 --- [island-simulation] [] com.VasilevYuV.island.animals.Predator   : Wolf didn't eat, satiety decreased to: 2.8399999999999963/12.0
2025-10-29T20:44:21.900+03:00 DEBUG 22592 --- [island-simulation] [] com.VasilevYuV.island.animals.Predator   : Wolf moved towards prey to [18,4]
2025-10-29T20:44:21.900+03:00 DEBUG 22592 --- [island-simulation] [] com.VasilevYuV.island.animals.Predator   : Wolf moved towards prey to [17,3]
2025-10-29T20:44:21.900+03:00 DEBUG 22592 --- [island-simulation] [] com.VasilevYuV.island.animals.Predator   : Wolf didn't eat, satiety decreased to: 7.159999999999999/12.0
2025-10-29T20:44:21.901+03:00 DEBUG 22592 --- [island-simulation] [] com.VasilevYuV.island.animals.Predator   : Wolf didn't eat, satiety decreased to: 0.3199999999999955/12.0
2025-10-29T20:44:21.901+03:00 DEBUG 22592 --- [island-simulation] [] com.VasilevYuV.island.animals.Predator   : Wolf didn't eat, satiety decreased to: 4.6400000000000015/12.0
2025-10-29T20:44:21.901+03:00 DEBUG 22592 --- [island-simulation] [] com.VasilevYuV.island.animals.Predator   : Wolf didn't eat, satiety decreased to: 3.920000000000001/12.0
2025-10-29T20:44:21.901+03:00 DEBUG 22592 --- [island-simulation] [] com.VasilevYuV.island.animals.Predator   : Wolf didn't eat, satiety decreased to: 2.119999999999996/12.0
2025-10-29T20:44:21.902+03:00 DEBUG 22592 --- [island-simulation] [] com.VasilevYuV.island.animals.Predator   : Wolf detected prey at [46,9]
2025-10-29T20:44:21.902+03:00 DEBUG 22592 --- [island-simulation] [] com.VasilevYuV.island.animals.Predator   : Wolf moved towards prey to [44,9]
2025-10-29T20:44:21.902+03:00 DEBUG 22592 --- [island-simulation] [] com.VasilevYuV.island.animals.Predator   : Wolf didn't eat, satiety decreased to: 7.88/12.0
2025-10-29T20:44:22.884+03:00 DEBUG 22592 --- [island-simulation] [] com.VasilevYuV.island.animals.Predator   : Wolf didn't eat, satiety decreased to: 2.119999999999998/12.0
2025-10-29T20:44:22.884+03:00 DEBUG 22592 --- [island-simulation] [] com.VasilevYuV.island.animals.Predator   : Wolf detected prey at [16,6]
2025-10-29T20:44:22.884+03:00 DEBUG 22592 --- [island-simulation] [] com.VasilevYuV.island.animals.Predator   : Wolf detected prey at [16,6]
2025-10-29T20:44:22.886+03:00 DEBUG 22592 --- [island-simulation] [] com.VasilevYuV.island.animals.Predator   : Wolf moved towards prey to [16,6]
2025-10-29T20:44:22.885+03:00 DEBUG 22592 --- [island-simulation] [] com.VasilevYuV.island.animals.Predator   : Wolf detected prey at [47,9]
2025-10-29T20:44:22.885+03:00 DEBUG 22592 --- [island-simulation] [] com.VasilevYuV.island.animals.Predator   : Wolf detected prey at [16,6]
2025-10-29T20:44:22.885+03:00 DEBUG 22592 --- [island-simulation] [] com.VasilevYuV.island.animals.Predator   : Wolf didn't eat, satiety decreased to: 7.159999999999999/12.0
2025-10-29T20:44:22.885+03:00 DEBUG 22592 --- [island-simulation] [] com.VasilevYuV.island.animals.Predator   : Wolf detected prey at [16,6]
2025-10-29T20:44:22.885+03:00 DEBUG 22592 --- [island-simulation] [] com.VasilevYuV.island.animals.Predator   : Wolf detected prey at [16,6]
2025-10-29T20:44:22.885+03:00 DEBUG 22592 --- [island-simulation] [] com.VasilevYuV.island.animals.Predator   : Wolf didn't eat, satiety decreased to: 3.5599999999999965/12.0
2025-10-29T20:44:22.885+03:00 DEBUG 22592 --- [island-simulation] [] com.VasilevYuV.island.animals.Predator   : Wolf didn't eat, satiety decreased to: 1.399999999999996/12.0
2025-10-29T20:44:22.885+03:00 DEBUG 22592 --- [island-simulation] [] com.VasilevYuV.island.animals.Predator   : Wolf detected prey at [16,6]
2025-10-29T20:44:22.885+03:00 DEBUG 22592 --- [island-simulation] [] com.VasilevYuV.island.animals.Predator   : Wolf detected prey at [47,9]
2025-10-29T20:44:22.888+03:00 DEBUG 22592 --- [island-simulation] [] com.VasilevYuV.island.animals.Predator   : Wolf moved towards prey to [15,6]
2025-10-29T20:44:22.885+03:00 DEBUG 22592 --- [island-simulation] [] com.VasilevYuV.island.animals.Predator   : Wolf detected prey at [47,9]
2025-10-29T20:44:22.888+03:00 DEBUG 22592 --- [island-simulation] [] com.VasilevYuV.island.animals.Predator   : Wolf moved towards prey to [45,9]
2025-10-29T20:44:22.885+03:00 DEBUG 22592 --- [island-simulation] [] com.VasilevYuV.island.animals.Predator   : Wolf detected prey at [16,6]
2025-10-29T20:44:22.888+03:00 DEBUG 22592 --- [island-simulation] [] com.VasilevYuV.island.animals.Predator   : Wolf moved towards prey to [15,8]
2025-10-29T20:44:22.889+03:00 DEBUG 22592 --- [island-simulation] [] com.VasilevYuV.island.animals.Predator   : Wolf didn't eat, satiety decreased to: 2.119999999999996/12.0
2025-10-29T20:44:22.885+03:00 DEBUG 22592 --- [island-simulation] [] com.VasilevYuV.island.animals.Predator   : Wolf detected prey at [47,9]
2025-10-29T20:44:22.889+03:00 DEBUG 22592 --- [island-simulation] [] com.VasilevYuV.island.animals.Predator   : Wolf moved towards prey to [45,9]
2025-10-29T20:44:22.889+03:00 DEBUG 22592 --- [island-simulation] [] com.VasilevYuV.island.animals.Predator   : Wolf didn't eat, satiety decreased to: 6.439999999999999/12.0
2025-10-29T20:44:22.885+03:00 DEBUG 22592 --- [island-simulation] [] com.VasilevYuV.island.animals.Predator   : Wolf detected prey at [47,9]
2025-10-29T20:44:22.885+03:00 DEBUG 22592 --- [island-simulation] [] com.VasilevYuV.island.animals.Predator   : Wolf didn't eat, satiety decreased to: 7.520000000000004/12.0
2025-10-29T20:44:22.885+03:00 DEBUG 22592 --- [island-simulation] [] com.VasilevYuV.island.animals.Predator   : Wolf detected prey at [16,6]
2025-10-29T20:44:22.885+03:00 DEBUG 22592 --- [island-simulation] [] com.VasilevYuV.island.animals.Predator   : Wolf detected prey at [16,6]
2025-10-29T20:44:22.885+03:00 DEBUG 22592 --- [island-simulation] [pool-2-thread-1] c.V.island.service.SimulationEngine      : Turn 8 completed in 1 ms
2025-10-29T20:44:22.886+03:00 DEBUG 22592 --- [island-simulation] [] com.VasilevYuV.island.animals.Predator   : Wolf didn't eat, satiety decreased to: 3.2000000000000006/12.0
2025-10-29T20:44:22.886+03:00 DEBUG 22592 --- [island-simulation] [] com.VasilevYuV.island.animals.Predator   : Wolf moved towards prey to [16,7]
2025-10-29T20:44:22.893+03:00 DEBUG 22592 --- [island-simulation] [] com.VasilevYuV.island.animals.Predator   : Wolf didn't eat, satiety decreased to: 1.399999999999996/12.0
2025-10-29T20:44:22.886+03:00 DEBUG 22592 --- [island-simulation] [] com.VasilevYuV.island.animals.Predator   : Wolf ate Rabbit and gained 2.4000000000000004 nutrition, satiety: 4.639999999999997/12.0
2025-10-29T20:44:22.886+03:00 DEBUG 22592 --- [island-simulation] [] com.VasilevYuV.island.animals.Predator   : Wolf moved towards prey to [47,9]
2025-10-29T20:44:22.894+03:00 DEBUG 22592 --- [island-simulation] [] com.VasilevYuV.island.animals.Predator   : Wolf didn't eat, satiety decreased to: 3.920000000000001/12.0
2025-10-29T20:44:22.886+03:00 DEBUG 22592 --- [island-simulation] [] com.VasilevYuV.island.animals.Predator   : Wolf moved towards prey to [18,5]
2025-10-29T20:44:22.895+03:00 DEBUG 22592 --- [island-simulation] [] com.VasilevYuV.island.animals.Predator   : Wolf didn't eat, satiety decreased to: 1.399999999999996/12.0
2025-10-29T20:44:22.886+03:00 DEBUG 22592 --- [island-simulation] [] com.VasilevYuV.island.animals.Predator   : Wolf moved towards prey to [18,6]
2025-10-29T20:44:22.895+03:00 DEBUG 22592 --- [island-simulation] [] com.VasilevYuV.island.animals.Predator   : Wolf didn't eat, satiety decreased to: 2.4800000000000004/12.0
2025-10-29T20:44:22.886+03:00 DEBUG 22592 --- [island-simulation] [] com.VasilevYuV.island.animals.Predator   : Wolf moved towards prey to [15,4]
2025-10-29T20:44:22.888+03:00 DEBUG 22592 --- [island-simulation] [] com.VasilevYuV.island.animals.Predator   : Wolf detected prey at [47,9]
2025-10-29T20:44:22.896+03:00 DEBUG 22592 --- [island-simulation] [] com.VasilevYuV.island.animals.Predator   : Wolf moved towards prey to [49,9]
2025-10-29T20:44:22.896+03:00 DEBUG 22592 --- [island-simulation] [] com.VasilevYuV.island.animals.Predator   : Wolf didn't eat, satiety decreased to: 1.5199999999999956/12.0
2025-10-29T20:44:22.888+03:00 DEBUG 22592 --- [island-simulation] [] com.VasilevYuV.island.animals.Predator   : Wolf moved towards prey to [47,9]
2025-10-29T20:44:22.897+03:00 DEBUG 22592 --- [island-simulation] [] com.VasilevYuV.island.animals.Predator   : Wolf ate Rabbit and gained 2.4000000000000004 nutrition, satiety: 8.959999999999999/12.0
2025-10-29T20:44:22.888+03:00 DEBUG 22592 --- [island-simulation] [] com.VasilevYuV.island.animals.Predator   : Wolf didn't eat, satiety decreased to: 4.279999999999997/12.0
2025-10-29T20:44:22.888+03:00 DEBUG 22592 --- [island-simulation] [] com.VasilevYuV.island.animals.Predator   : Wolf didn't eat, satiety decreased to: 1.1599999999999975/12.0
2025-10-29T20:44:22.891+03:00 DEBUG 22592 --- [island-simulation] [] com.VasilevYuV.island.animals.Animal     : Wolf reproduced! Population: 3/10, probability: 0.6000000000000001
2025-10-29T20:44:22.892+03:00 DEBUG 22592 --- [island-simulation] [] com.VasilevYuV.island.animals.Predator   : Wolf moved towards prey to [45,9]
2025-10-29T20:44:22.892+03:00 DEBUG 22592 --- [island-simulation] [] com.VasilevYuV.island.animals.Predator   : Wolf moved towards prey to [18,4]
2025-10-29T20:44:22.899+03:00 DEBUG 22592 --- [island-simulation] [] com.VasilevYuV.island.animals.Predator   : Wolf didn't eat, satiety decreased to: 2.8399999999999963/12.0
2025-10-29T20:44:22.892+03:00 DEBUG 22592 --- [island-simulation] [] com.VasilevYuV.island.animals.Predator   : Wolf moved towards prey to [17,5]
2025-10-29T20:44:22.894+03:00 DEBUG 22592 --- [island-simulation] [] com.VasilevYuV.island.animals.Predator   : Wolf didn't eat, satiety decreased to: 3.1999999999999953/12.0
2025-10-29T20:44:22.896+03:00 DEBUG 22592 --- [island-simulation] [] com.VasilevYuV.island.animals.Predator   : Wolf didn't eat, satiety decreased to: 0.6799999999999958/12.0
2025-10-29T20:44:22.897+03:00 DEBUG 22592 --- [island-simulation] [] com.VasilevYuV.island.animals.Animal     : Wolf reproduced! Population: 3/10, probability: 0.6000000000000001
2025-10-29T20:44:22.899+03:00 DEBUG 22592 --- [island-simulation] [] com.VasilevYuV.island.animals.Predator   : Wolf didn't eat, satiety decreased to: 1.3999999999999977/12.0
2025-10-29T20:44:22.899+03:00 DEBUG 22592 --- [island-simulation] [] com.VasilevYuV.island.animals.Predator   : Wolf didn't eat, satiety decreased to: 0.560000000000001/12.0
2025-10-29T20:44:22.900+03:00 DEBUG 22592 --- [island-simulation] [] com.VasilevYuV.island.animals.Predator   : Wolf didn't eat, satiety decreased to: 1.399999999999996/12.0
2025-10-29T20:44:22.900+03:00 DEBUG 22592 --- [island-simulation] [] com.VasilevYuV.island.animals.Predator   : Wolf moved randomly to [47,7]
2025-10-29T20:44:22.901+03:00 DEBUG 22592 --- [island-simulation] [] com.VasilevYuV.island.animals.Predator   : Wolf didn't eat, satiety decreased to: 3.2000000000000006/12.0
2025-10-29T20:44:22.902+03:00 DEBUG 22592 --- [island-simulation] [] com.VasilevYuV.island.animals.Predator   : Wolf moved randomly to [13,1]
2025-10-29T20:44:22.902+03:00 DEBUG 22592 --- [island-simulation] [] com.VasilevYuV.island.animals.Predator   : Wolf didn't eat, satiety decreased to: 1.7600000000000002/12.0
2025-10-29T20:44:22.902+03:00 DEBUG 22592 --- [island-simulation] [] com.VasilevYuV.island.animals.Predator   : Wolf moved randomly to [18,6]
2025-10-29T20:44:22.903+03:00 DEBUG 22592 --- [island-simulation] [] com.VasilevYuV.island.animals.Predator   : Wolf didn't eat, satiety decreased to: 2.4799999999999986/12.0
2025-10-29T20:44:22.903+03:00 DEBUG 22592 --- [island-simulation] [] com.VasilevYuV.island.animals.Predator   : Wolf moved randomly to [19,2]
2025-10-29T20:44:22.903+03:00 DEBUG 22592 --- [island-simulation] [] com.VasilevYuV.island.animals.Predator   : Wolf didn't eat, satiety decreased to: 6.439999999999999/12.0
2025-10-29T20:44:22.904+03:00 DEBUG 22592 --- [island-simulation] [] com.VasilevYuV.island.animals.Predator   : Wolf moved randomly to [20,4]
2025-10-29T20:44:22.904+03:00 DEBUG 22592 --- [island-simulation] [] com.VasilevYuV.island.animals.Predator   : Wolf didn't eat, satiety decreased to: 0.6799999999999958/12.0
2025-10-29T20:44:23.885+03:00 DEBUG 22592 --- [island-simulation] [] com.VasilevYuV.island.animals.Predator   : Wolf didn't eat, satiety decreased to: 3.9199999999999973/12.0
2025-10-29T20:44:23.885+03:00 DEBUG 22592 --- [island-simulation] [] com.VasilevYuV.island.animals.Predator   : Wolf didn't eat, satiety decreased to: 0.0/12.0
2025-10-29T20:44:23.885+03:00 DEBUG 22592 --- [island-simulation] [] com.VasilevYuV.island.animals.Predator   : Wolf didn't eat, satiety decreased to: 0.6799999999999958/12.0
2025-10-29T20:44:23.885+03:00 DEBUG 22592 --- [island-simulation] [] com.VasilevYuV.island.animals.Predator   : Wolf didn't eat, satiety decreased to: 0.0/12.0
2025-10-29T20:44:23.886+03:00 DEBUG 22592 --- [island-simulation] [] com.VasilevYuV.island.animals.Predator   : Wolf died from hunger
2025-10-29T20:44:23.885+03:00 DEBUG 22592 --- [island-simulation] [] com.VasilevYuV.island.animals.Predator   : Wolf didn't eat, satiety decreased to: 0.6799999999999976/12.0
2025-10-29T20:44:23.885+03:00 DEBUG 22592 --- [island-simulation] [] com.VasilevYuV.island.animals.Predator   : Wolf didn't eat, satiety decreased to: 3.5599999999999965/12.0
2025-10-29T20:44:23.885+03:00 DEBUG 22592 --- [island-simulation] [] com.VasilevYuV.island.animals.Predator   : Wolf didn't eat, satiety decreased to: 0.0/12.0
2025-10-29T20:44:23.885+03:00 DEBUG 22592 --- [island-simulation] [] com.VasilevYuV.island.animals.Predator   : Wolf moved randomly to [19,6]
2025-10-29T20:44:23.885+03:00 DEBUG 22592 --- [island-simulation] [] com.VasilevYuV.island.animals.Predator   : Wolf moved randomly to [13,6]
2025-10-29T20:44:23.887+03:00 DEBUG 22592 --- [island-simulation] [] com.VasilevYuV.island.animals.Predator   : Wolf died from hunger
2025-10-29T20:44:23.885+03:00 DEBUG 22592 --- [island-simulation] [] com.VasilevYuV.island.animals.Predator   : Wolf moved randomly to [13,3]
2025-10-29T20:44:23.885+03:00 DEBUG 22592 --- [island-simulation] [] com.VasilevYuV.island.animals.Predator   : Wolf moved randomly to [17,3]
2025-10-29T20:44:23.885+03:00 DEBUG 22592 --- [island-simulation] [] com.VasilevYuV.island.animals.Predator   : Wolf didn't eat, satiety decreased to: 5.719999999999998/12.0
2025-10-29T20:44:23.885+03:00 DEBUG 22592 --- [island-simulation] [] com.VasilevYuV.island.animals.Predator   : Wolf didn't eat, satiety decreased to: 0.5599999999999958/12.0
2025-10-29T20:44:23.888+03:00 DEBUG 22592 --- [island-simulation] [] com.VasilevYuV.island.animals.Predator   : Wolf died from hunger
2025-10-29T20:44:23.885+03:00 DEBUG 22592 --- [island-simulation] [] com.VasilevYuV.island.animals.Predator   : Wolf didn't eat, satiety decreased to: 1.04/12.0
2025-10-29T20:44:23.885+03:00 DEBUG 22592 --- [island-simulation] [] com.VasilevYuV.island.animals.Predator   : Wolf moved randomly to [13,4]
2025-10-29T20:44:23.888+03:00 DEBUG 22592 --- [island-simulation] [] com.VasilevYuV.island.animals.Predator   : Wolf didn't eat, satiety decreased to: 0.0/12.0
2025-10-29T20:44:23.886+03:00 DEBUG 22592 --- [island-simulation] [] com.VasilevYuV.island.animals.Predator   : Wolf didn't eat, satiety decreased to: 6.800000000000003/12.0
2025-10-29T20:44:23.886+03:00 DEBUG 22592 --- [island-simulation] [] com.VasilevYuV.island.animals.Predator   : Wolf moved randomly to [16,7]
2025-10-29T20:44:23.888+03:00 DEBUG 22592 --- [island-simulation] [] com.VasilevYuV.island.animals.Predator   : Wolf didn't eat, satiety decreased to: 0.31999999999999995/12.0
2025-10-29T20:44:23.886+03:00 DEBUG 22592 --- [island-simulation] [] com.VasilevYuV.island.animals.Predator   : Wolf didn't eat, satiety decreased to: 0.4399999999999974/12.0
2025-10-29T20:44:23.886+03:00 DEBUG 22592 --- [island-simulation] [] com.VasilevYuV.island.animals.Predator   : Wolf didn't eat, satiety decreased to: 0.7999999999999955/12.0
2025-10-29T20:44:23.886+03:00 DEBUG 22592 --- [island-simulation] [] com.VasilevYuV.island.animals.Predator   : Wolf didn't eat, satiety decreased to: 2.4800000000000004/12.0
2025-10-29T20:44:23.886+03:00 DEBUG 22592 --- [island-simulation] [] com.VasilevYuV.island.animals.Predator   : Wolf didn't eat, satiety decreased to: 0.0/12.0
2025-10-29T20:44:23.889+03:00 DEBUG 22592 --- [island-simulation] [] com.VasilevYuV.island.animals.Predator   : Wolf died from hunger
2025-10-29T20:44:23.886+03:00 DEBUG 22592 --- [island-simulation] [] com.VasilevYuV.island.animals.Predator   : Wolf moved randomly to [15,5]
2025-10-29T20:44:23.886+03:00 DEBUG 22592 --- [island-simulation] [] com.VasilevYuV.island.animals.Predator   : Wolf moved randomly to [17,1]
2025-10-29T20:44:23.886+03:00 DEBUG 22592 --- [island-simulation] [] com.VasilevYuV.island.animals.Predator   : Wolf moved randomly to [17,0]
2025-10-29T20:44:23.886+03:00 DEBUG 22592 --- [island-simulation] [] com.VasilevYuV.island.animals.Predator   : Wolf didn't eat, satiety decreased to: 2.3600000000000003/12.0
2025-10-29T20:44:23.886+03:00 DEBUG 22592 --- [island-simulation] [] com.VasilevYuV.island.animals.Predator   : Wolf moved randomly to [42,9]
2025-10-29T20:44:23.889+03:00 DEBUG 22592 --- [island-simulation] [] com.VasilevYuV.island.animals.Predator   : Wolf didn't eat, satiety decreased to: 0.0/12.0
2025-10-29T20:44:23.886+03:00 DEBUG 22592 --- [island-simulation] [] com.VasilevYuV.island.animals.Predator   : Wolf didn't eat, satiety decreased to: 2.8399999999999963/12.0
2025-10-29T20:44:23.886+03:00 DEBUG 22592 --- [island-simulation] [] com.VasilevYuV.island.animals.Predator   : Wolf moved randomly to [45,9]
2025-10-29T20:44:23.886+03:00 DEBUG 22592 --- [island-simulation] [] com.VasilevYuV.island.animals.Predator   : Wolf moved randomly to [12,3]
2025-10-29T20:44:23.886+03:00 DEBUG 22592 --- [island-simulation] [pool-2-thread-1] c.V.island.service.SimulationEngine      : Turn 9 completed in 1 ms
2025-10-29T20:44:23.886+03:00 DEBUG 22592 --- [island-simulation] [] com.VasilevYuV.island.animals.Predator   : Wolf moved randomly to [14,7]
2025-10-29T20:44:23.890+03:00 DEBUG 22592 --- [island-simulation] [] com.VasilevYuV.island.animals.Predator   : Wolf didn't eat, satiety decreased to: 0.0/12.0
2025-10-29T20:44:23.886+03:00 DEBUG 22592 --- [island-simulation] [] com.VasilevYuV.island.animals.Predator   : Wolf died from hunger
2025-10-29T20:44:23.887+03:00 DEBUG 22592 --- [island-simulation] [] com.VasilevYuV.island.animals.Predator   : Wolf didn't eat, satiety decreased to: 3.199999999999997/12.0
2025-10-29T20:44:23.887+03:00 DEBUG 22592 --- [island-simulation] [] com.VasilevYuV.island.animals.Predator   : Wolf didn't eat, satiety decreased to: 0.0/12.0
2025-10-29T20:44:23.890+03:00 DEBUG 22592 --- [island-simulation] [] com.VasilevYuV.island.animals.Predator   : Wolf died from hunger
2025-10-29T20:44:23.887+03:00 DEBUG 22592 --- [island-simulation] [] com.VasilevYuV.island.animals.Predator   : Wolf didn't eat, satiety decreased to: 1.399999999999996/12.0
2025-10-29T20:44:23.887+03:00 DEBUG 22592 --- [island-simulation] [] com.VasilevYuV.island.animals.Predator   : Wolf didn't eat, satiety decreased to: 2.8399999999999963/12.0
2025-10-29T20:44:23.887+03:00 DEBUG 22592 --- [island-simulation] [] com.VasilevYuV.island.animals.Predator   : Wolf didn't eat, satiety decreased to: 0.6799999999999958/12.0
2025-10-29T20:44:23.888+03:00 DEBUG 22592 --- [island-simulation] [] com.VasilevYuV.island.animals.Predator   : Wolf died from hunger
2025-10-29T20:44:23.889+03:00 DEBUG 22592 --- [island-simulation] [] com.VasilevYuV.island.animals.Predator   : Wolf moved randomly to [17,8]
2025-10-29T20:44:23.891+03:00 DEBUG 22592 --- [island-simulation] [] com.VasilevYuV.island.animals.Predator   : Wolf didn't eat, satiety decreased to: 1.7599999999999985/12.0
2025-10-29T20:44:23.889+03:00 DEBUG 22592 --- [island-simulation] [] com.VasilevYuV.island.animals.Predator   : Wolf didn't eat, satiety decreased to: 2.479999999999995/12.0
2025-10-29T20:44:23.889+03:00 DEBUG 22592 --- [island-simulation] [] com.VasilevYuV.island.animals.Predator   : Wolf didn't eat, satiety decreased to: 0.0/12.0
2025-10-29T20:44:23.891+03:00 DEBUG 22592 --- [island-simulation] [] com.VasilevYuV.island.animals.Predator   : Wolf died from hunger
2025-10-29T20:44:23.889+03:00 DEBUG 22592 --- [island-simulation] [] com.VasilevYuV.island.animals.Predator   : Wolf didn't eat, satiety decreased to: 0.0/12.0
2025-10-29T20:44:23.891+03:00 DEBUG 22592 --- [island-simulation] [] com.VasilevYuV.island.animals.Predator   : Wolf died from hunger
2025-10-29T20:44:23.889+03:00 DEBUG 22592 --- [island-simulation] [] com.VasilevYuV.island.animals.Predator   : Wolf died from hunger
2025-10-29T20:44:23.891+03:00 DEBUG 22592 --- [island-simulation] [] com.VasilevYuV.island.animals.Predator   : Wolf didn't eat, satiety decreased to: 3.319999999999998/12.0
2025-10-29T20:44:23.891+03:00 DEBUG 22592 --- [island-simulation] [] com.VasilevYuV.island.animals.Predator   : Wolf didn't eat, satiety decreased to: 7.88/12.0
2025-10-29T20:44:23.890+03:00 DEBUG 22592 --- [island-simulation] [] com.VasilevYuV.island.animals.Predator   : Wolf didn't eat, satiety decreased to: 5.839999999999999/12.0
2025-10-29T20:44:23.890+03:00 DEBUG 22592 --- [island-simulation] [] com.VasilevYuV.island.animals.Predator   : Wolf didn't eat, satiety decreased to: 0.0/12.0
2025-10-29T20:44:23.892+03:00 DEBUG 22592 --- [island-simulation] [] com.VasilevYuV.island.animals.Predator   : Wolf died from hunger
2025-10-29T20:44:23.890+03:00 DEBUG 22592 --- [island-simulation] [] com.VasilevYuV.island.animals.Predator   : Wolf didn't eat, satiety decreased to: 2.719999999999996/12.0
2025-10-29T20:44:23.890+03:00 DEBUG 22592 --- [island-simulation] [] com.VasilevYuV.island.animals.Predator   : Wolf died from hunger
2025-10-29T20:44:23.891+03:00 DEBUG 22592 --- [island-simulation] [] com.VasilevYuV.island.animals.Predator   : Wolf moved randomly to [18,1]
2025-10-29T20:44:23.892+03:00 DEBUG 22592 --- [island-simulation] [] com.VasilevYuV.island.animals.Predator   : Wolf didn't eat, satiety decreased to: 0.0/12.0
2025-10-29T20:44:23.892+03:00 DEBUG 22592 --- [island-simulation] [] com.VasilevYuV.island.animals.Predator   : Wolf died from hunger
2025-10-29T20:44:23.892+03:00 DEBUG 22592 --- [island-simulation] [] com.VasilevYuV.island.animals.Predator   : Wolf didn't eat, satiety decreased to: 2.119999999999996/12.0
2025-10-29T20:44:23.892+03:00 DEBUG 22592 --- [island-simulation] [] com.VasilevYuV.island.animals.Predator   : Wolf moved randomly to [45,7]
2025-10-29T20:44:23.893+03:00 DEBUG 22592 --- [island-simulation] [] com.VasilevYuV.island.animals.Predator   : Wolf didn't eat, satiety decreased to: 7.88/12.0
2025-10-29T20:44:24.884+03:00 DEBUG 22592 --- [island-simulation] [] com.VasilevYuV.island.animals.Predator   : Wolf moved randomly to [42,5]
2025-10-29T20:44:24.886+03:00 DEBUG 22592 --- [island-simulation] [] com.VasilevYuV.island.animals.Predator   : Wolf moved randomly to [14,7]
2025-10-29T20:44:24.886+03:00 DEBUG 22592 --- [island-simulation] [] com.VasilevYuV.island.animals.Predator   : Wolf moved randomly to [19,5]
2025-10-29T20:44:24.885+03:00 DEBUG 22592 --- [island-simulation] [] com.VasilevYuV.island.animals.Predator   : Wolf moved randomly to [14,8]
2025-10-29T20:44:24.885+03:00 DEBUG 22592 --- [island-simulation] [] com.VasilevYuV.island.animals.Predator   : Wolf didn't eat, satiety decreased to: 1.0399999999999983/12.0
2025-10-29T20:44:24.885+03:00 DEBUG 22592 --- [island-simulation] [] com.VasilevYuV.island.animals.Predator   : Wolf moved randomly to [20,5]
2025-10-29T20:44:24.885+03:00 DEBUG 22592 --- [island-simulation] [] com.VasilevYuV.island.animals.Predator   : Wolf didn't eat, satiety decreased to: 1.04/12.0
2025-10-29T20:44:24.885+03:00 DEBUG 22592 --- [island-simulation] [] com.VasilevYuV.island.animals.Predator   : Wolf didn't eat, satiety decreased to: 1.399999999999996/12.0
2025-10-29T20:44:24.885+03:00 DEBUG 22592 --- [island-simulation] [] com.VasilevYuV.island.animals.Predator   : Wolf moved randomly to [17,2]
2025-10-29T20:44:24.885+03:00 DEBUG 22592 --- [island-simulation] [] com.VasilevYuV.island.animals.Predator   : Wolf didn't eat, satiety decreased to: 0.92/12.0
2025-10-29T20:44:24.885+03:00 DEBUG 22592 --- [island-simulation] [] com.VasilevYuV.island.animals.Predator   : Wolf moved randomly to [38,7]
2025-10-29T20:44:24.885+03:00 DEBUG 22592 --- [island-simulation] [] com.VasilevYuV.island.animals.Predator   : Wolf didn't eat, satiety decreased to: 6.080000000000003/12.0
2025-10-29T20:44:24.885+03:00 DEBUG 22592 --- [island-simulation] [] com.VasilevYuV.island.animals.Predator   : Wolf moved randomly to [41,4]
2025-10-29T20:44:24.885+03:00 DEBUG 22592 --- [island-simulation] [] com.VasilevYuV.island.animals.Predator   : Wolf moved randomly to [15,2]
2025-10-29T20:44:24.888+03:00 DEBUG 22592 --- [island-simulation] [] com.VasilevYuV.island.animals.Predator   : Wolf didn't eat, satiety decreased to: 1.399999999999996/12.0
2025-10-29T20:44:24.885+03:00 DEBUG 22592 --- [island-simulation] [pool-2-thread-1] c.V.island.service.SimulationEngine      : Turn 10 completed in 1 ms
2025-10-29T20:44:24.888+03:00 DEBUG 22592 --- [island-simulation] [] com.VasilevYuV.island.animals.Predator   : Wolf didn't eat, satiety decreased to: 2.599999999999998/12.0
2025-10-29T20:44:24.885+03:00 DEBUG 22592 --- [island-simulation] [] com.VasilevYuV.island.animals.Predator   : Wolf moved randomly to [38,3]
2025-10-29T20:44:24.886+03:00 DEBUG 22592 --- [island-simulation] [] com.VasilevYuV.island.animals.Predator   : Wolf moved randomly to [46,6]
2025-10-29T20:44:24.886+03:00 DEBUG 22592 --- [island-simulation] [] com.VasilevYuV.island.animals.Predator   : Wolf didn't eat, satiety decreased to: 7.159999999999999/12.0
2025-10-29T20:44:24.886+03:00 DEBUG 22592 --- [island-simulation] [] com.VasilevYuV.island.animals.Predator   : Wolf didn't eat, satiety decreased to: 2.479999999999997/12.0
2025-10-29T20:44:24.886+03:00 DEBUG 22592 --- [island-simulation] [] com.VasilevYuV.island.animals.Predator   : Wolf didn't eat, satiety decreased to: 4.999999999999997/12.0
2025-10-29T20:44:24.886+03:00 DEBUG 22592 --- [island-simulation] [] com.VasilevYuV.island.animals.Predator   : Wolf didn't eat, satiety decreased to: 2.3599999999999968/12.0
2025-10-29T20:44:24.886+03:00 DEBUG 22592 --- [island-simulation] [] com.VasilevYuV.island.animals.Predator   : Wolf didn't eat, satiety decreased to: 0.3199999999999982/12.0
2025-10-29T20:44:24.886+03:00 DEBUG 22592 --- [island-simulation] [] com.VasilevYuV.island.animals.Predator   : Wolf didn't eat, satiety decreased to: 5.119999999999998/12.0
2025-10-29T20:44:24.887+03:00 DEBUG 22592 --- [island-simulation] [] com.VasilevYuV.island.animals.Predator   : Wolf didn't eat, satiety decreased to: 1.759999999999995/12.0
2025-10-29T20:44:24.887+03:00 DEBUG 22592 --- [island-simulation] [] com.VasilevYuV.island.animals.Predator   : Wolf didn't eat, satiety decreased to: 7.039999999999999/12.0
2025-10-29T20:44:24.887+03:00 DEBUG 22592 --- [island-simulation] [] com.VasilevYuV.island.animals.Predator   : Wolf didn't eat, satiety decreased to: 6.919999999999999/12.0
2025-10-29T20:44:24.888+03:00 DEBUG 22592 --- [island-simulation] [] com.VasilevYuV.island.animals.Predator   : Wolf didn't eat, satiety decreased to: 0.6799999999999958/12.0
2025-10-29T20:44:24.888+03:00 DEBUG 22592 --- [island-simulation] [] com.VasilevYuV.island.animals.Predator   : Wolf didn't eat, satiety decreased to: 6.799999999999999/12.0
2025-10-29T20:44:24.889+03:00 DEBUG 22592 --- [island-simulation] [] com.VasilevYuV.island.animals.Predator   : Wolf didn't eat, satiety decreased to: 2.119999999999996/12.0
2025-10-29T20:44:24.890+03:00 DEBUG 22592 --- [island-simulation] [] com.VasilevYuV.island.animals.Predator   : Wolf didn't eat, satiety decreased to: 0.07999999999999541/12.0
2025-10-29T20:44:24.890+03:00 DEBUG 22592 --- [island-simulation] [] com.VasilevYuV.island.animals.Predator   : Wolf moved randomly to [14,5]
2025-10-29T20:44:24.891+03:00 DEBUG 22592 --- [island-simulation] [] com.VasilevYuV.island.animals.Predator   : Wolf moved randomly to [49,6]
2025-10-29T20:44:24.891+03:00 DEBUG 22592 --- [island-simulation] [] com.VasilevYuV.island.animals.Predator   : Wolf didn't eat, satiety decreased to: 0.6799999999999958/12.0
2025-10-29T20:44:24.892+03:00 DEBUG 22592 --- [island-simulation] [] com.VasilevYuV.island.animals.Predator   : Wolf didn't eat, satiety decreased to: 7.159999999999999/12.0
2025-10-29T20:44:25.735+03:00  INFO 22592 --- [island-simulation] [http-nio-0.0.0.0-8080-exec-9] c.V.island.service.SimulationEngine      : Simulation stopped
2025-10-29T20:44:53.130+03:00  INFO 22592 --- [island-simulation] [MessageBroker-3] o.s.w.s.c.WebSocketMessageBrokerStats    : WebSocketSession[1 current WS(1)-HttpStream(0)-HttpPoll(0), 1 total, 0 closed abnormally (0 connect failure, 0 send limit, 0 transport error)], stompSubProtocol[processed CONNECT(1)-CONNECTED(1)-DISCONNECT(0)], stompBrokerRelay[null], inboundChannel[pool size = 12, active threads = 0, queued tasks = 0, completed tasks = 12], outboundChannel[pool size = 11, active threads = 0, queued tasks = 0, completed tasks = 11], sockJsScheduler[pool size = 23, active threads = 1, queued tasks = 2, completed tasks = 9]
2025-10-29T21:05:52.032+03:00  WARN 22592 --- [island-simulation] [SpringApplicationShutdownHook] w.s.h.ExceptionWebSocketHandlerDecorator : Unhandled exception after connection closed for ExceptionWebSocketHandlerDecorator [delegate=LoggingWebSocketHandlerDecorator [delegate=SubProtocolWebSocketHandler[StompSubProtocolHandler[v10.stomp, v11.stomp, v12.stomp]]]]

org.springframework.messaging.MessageDeliveryException: Failed to send message to ExecutorSubscribableChannel[clientInboundChannel]
	at org.springframework.messaging.support.AbstractMessageChannel.send(AbstractMessageChannel.java:149) ~[spring-messaging-6.1.2.jar:6.1.2]
	at org.springframework.messaging.support.AbstractMessageChannel.send(AbstractMessageChannel.java:125) ~[spring-messaging-6.1.2.jar:6.1.2]
	at org.springframework.web.socket.messaging.StompSubProtocolHandler.afterSessionEnded(StompSubProtocolHandler.java:685) ~[spring-websocket-6.1.2.jar:6.1.2]
	at org.springframework.web.socket.messaging.SubProtocolWebSocketHandler.clearSession(SubProtocolWebSocketHandler.java:531) ~[spring-websocket-6.1.2.jar:6.1.2]
	at org.springframework.web.socket.messaging.SubProtocolWebSocketHandler.afterConnectionClosed(SubProtocolWebSocketHandler.java:400) ~[spring-websocket-6.1.2.jar:6.1.2]
	at org.springframework.web.socket.handler.WebSocketHandlerDecorator.afterConnectionClosed(WebSocketHandlerDecorator.java:85) ~[spring-websocket-6.1.2.jar:6.1.2]
	at org.springframework.web.socket.handler.LoggingWebSocketHandlerDecorator.afterConnectionClosed(LoggingWebSocketHandlerDecorator.java:72) ~[spring-websocket-6.1.2.jar:6.1.2]
	at org.springframework.web.socket.handler.ExceptionWebSocketHandlerDecorator.afterConnectionClosed(ExceptionWebSocketHandlerDecorator.java:78) ~[spring-websocket-6.1.2.jar:6.1.2]
	at org.springframework.web.socket.sockjs.transport.session.AbstractSockJsSession.close(AbstractSockJsSession.java:200) ~[spring-websocket-6.1.2.jar:6.1.2]
	at org.springframework.web.socket.handler.WebSocketSessionDecorator.close(WebSocketSessionDecorator.java:160) ~[spring-websocket-6.1.2.jar:6.1.2]
	at org.springframework.web.socket.handler.ConcurrentWebSocketSessionDecorator.close(ConcurrentWebSocketSessionDecorator.java:271) ~[spring-websocket-6.1.2.jar:6.1.2]
	at org.springframework.web.socket.messaging.SubProtocolWebSocketHandler.stop(SubProtocolWebSocketHandler.java:289) ~[spring-websocket-6.1.2.jar:6.1.2]
	at org.springframework.web.socket.messaging.SubProtocolWebSocketHandler.stop(SubProtocolWebSocketHandler.java:302) ~[spring-websocket-6.1.2.jar:6.1.2]
	at org.springframework.context.support.DefaultLifecycleProcessor.doStop(DefaultLifecycleProcessor.java:344) ~[spring-context-6.1.2.jar:6.1.2]
	at org.springframework.context.support.DefaultLifecycleProcessor$LifecycleGroup.stop(DefaultLifecycleProcessor.java:483) ~[spring-context-6.1.2.jar:6.1.2]
	at java.base/java.lang.Iterable.forEach(Iterable.java:75) ~[na:na]
	at org.springframework.context.support.DefaultLifecycleProcessor.stopBeans(DefaultLifecycleProcessor.java:313) ~[spring-context-6.1.2.jar:6.1.2]
	at org.springframework.context.support.DefaultLifecycleProcessor.onClose(DefaultLifecycleProcessor.java:214) ~[spring-context-6.1.2.jar:6.1.2]
	at org.springframework.context.support.AbstractApplicationContext.doClose(AbstractApplicationContext.java:1137) ~[spring-context-6.1.2.jar:6.1.2]
	at org.springframework.boot.web.servlet.context.ServletWebServerApplicationContext.doClose(ServletWebServerApplicationContext.java:174) ~[spring-boot-3.2.1.jar:3.2.1]
	at org.springframework.context.support.AbstractApplicationContext.close(AbstractApplicationContext.java:1091) ~[spring-context-6.1.2.jar:6.1.2]
	at org.springframework.boot.SpringApplicationShutdownHook.closeAndWait(SpringApplicationShutdownHook.java:145) ~[spring-boot-3.2.1.jar:3.2.1]
	at java.base/java.lang.Iterable.forEach(Iterable.java:75) ~[na:na]
	at org.springframework.boot.SpringApplicationShutdownHook.run(SpringApplicationShutdownHook.java:114) ~[spring-boot-3.2.1.jar:3.2.1]
	at java.base/java.lang.Thread.run(Thread.java:1474) ~[na:na]
Caused by: org.springframework.core.task.TaskRejectedException: ExecutorService in shutdown state did not accept task: org.springframework.messaging.support.ExecutorSubscribableChannel$SendTask@4ab6a148
	at org.springframework.scheduling.concurrent.ThreadPoolTaskExecutor.execute(ThreadPoolTaskExecutor.java:365) ~[spring-context-6.1.2.jar:6.1.2]
	at org.springframework.messaging.support.ExecutorSubscribableChannel.sendInternal(ExecutorSubscribableChannel.java:103) ~[spring-messaging-6.1.2.jar:6.1.2]
	at org.springframework.messaging.support.AbstractMessageChannel.send(AbstractMessageChannel.java:139) ~[spring-messaging-6.1.2.jar:6.1.2]
	... 24 common frames omitted
Caused by: java.util.concurrent.RejectedExecutionException: Task org.springframework.messaging.support.ExecutorSubscribableChannel$SendTask@4ab6a148 rejected from org.springframework.scheduling.concurrent.ThreadPoolTaskExecutor$1@6dde03ce[Terminated, pool size = 0, active threads = 0, queued tasks = 0, completed tasks = 12]
	at java.base/java.util.concurrent.ThreadPoolExecutor$AbortPolicy.rejectedExecution(ThreadPoolExecutor.java:2032) ~[na:na]
	at java.base/java.util.concurrent.ThreadPoolExecutor.reject(ThreadPoolExecutor.java:787) ~[na:na]
	at java.base/java.util.concurrent.ThreadPoolExecutor.execute(ThreadPoolExecutor.java:1328) ~[na:na]
	at org.springframework.scheduling.concurrent.ThreadPoolTaskExecutor$1.execute(ThreadPoolTaskExecutor.java:269) ~[spring-context-6.1.2.jar:6.1.2]
	at org.springframework.scheduling.concurrent.ThreadPoolTaskExecutor.execute(ThreadPoolTaskExecutor.java:362) ~[spring-context-6.1.2.jar:6.1.2]
	... 26 common frames omitted

2025-10-29T21:05:52.042+03:00  INFO 22592 --- [island-simulation] [SpringApplicationShutdownHook] o.s.m.s.b.SimpleBrokerMessageHandler     : Stopping...
2025-10-29T21:05:52.042+03:00  INFO 22592 --- [island-simulation] [SpringApplicationShutdownHook] o.s.m.s.b.SimpleBrokerMessageHandler     : BrokerAvailabilityEvent[available=false, SimpleBrokerMessageHandler [org.springframework.messaging.simp.broker.DefaultSubscriptionRegistry@38379575]]
2025-10-29T21:05:52.042+03:00  INFO 22592 --- [island-simulation] [SpringApplicationShutdownHook] o.s.m.s.b.SimpleBrokerMessageHandler     : Stopped.
2025-10-29T21:05:52.059+03:00  INFO 22592 --- [island-simulation] [SpringApplicationShutdownHook] j.LocalContainerEntityManagerFactoryBean : Closing JPA EntityManagerFactory for persistence unit 'default'
2025-10-29T21:05:52.062+03:00  INFO 22592 --- [island-simulation] [SpringApplicationShutdownHook] com.zaxxer.hikari.HikariDataSource       : HikariPool-1 - Shutdown initiated...
2025-10-29T21:05:52.063+03:00  INFO 22592 --- [island-simulation] [SpringApplicationShutdownHook] com.zaxxer.hikari.HikariDataSource       : HikariPool-1 - Shutdown completed.
